Abundance,site_spp,smp
0.373889903,cec_Clostridium_clostridioforme_YL32_bact,sdm_3_F_1
0.268898722,cec_Bacteroides_caecimuris_I48_bact,sdm_3_F_1
0.175047189,cec_Akkermansia_muciniphila_YL44_bact,sdm_3_F_1
0.085837175,cec_Blauta_coccoides_YL58_bact,sdm_3_F_1
0.041386886,cec_Muribaculum_intestinale_YL27_bact,sdm_3_F_1
0.031825355,cec_Turicimonas_muris_YL45_bact,sdm_3_F_1
0.015131355,cec_Lactobacillus_reuteri_I49_bact,sdm_3_F_1
0.003852462,cec_Enterococcus_faecalis_KB1_bact,sdm_3_F_1
0.002135099,cec_Clostridium_innocuum_I46_bact,sdm_3_F_1
0.001995854,cec_Flavonifractor_plautii_YL31_bact,sdm_3_F_1
0,cec_Acutalibacter_muris_KB18_bact,sdm_3_F_1
0,cec_Bifidobacterium_longum_animalis_YL2_bact,sdm_3_F_1
0.319001072,cec_Bacteroides_caecimuris_I48_bact,sdm_3_F_2
0.290309486,cec_Clostridium_clostridioforme_YL32_bact,sdm_3_F_2
0.200500114,cec_Blauta_coccoides_YL58_bact,sdm_3_F_2
0.095541194,cec_Akkermansia_muciniphila_YL44_bact,sdm_3_F_2
0.026743091,cec_Lactobacillus_reuteri_I49_bact,sdm_3_F_2
0.017422791,cec_Muribaculum_intestinale_YL27_bact,sdm_3_F_2
0.016432306,cec_Clostridium_innocuum_I46_bact,sdm_3_F_2
0.016367356,cec_Turicimonas_muris_YL45_bact,sdm_3_F_2
0.008346053,cec_Flavonifractor_plautii_YL31_bact,sdm_3_F_2
0.007680317,cec_Acutalibacter_muris_KB18_bact,sdm_3_F_2
0.001656221,cec_Enterococcus_faecalis_KB1_bact,sdm_3_F_2
0,cec_Bifidobacterium_longum_animalis_YL2_bact,sdm_3_F_2
0.31379155,cec_Bacteroides_caecimuris_I48_bact,sdm_3_F_3
0.274948203,cec_Clostridium_clostridioforme_YL32_bact,sdm_3_F_3
0.135104946,cec_Akkermansia_muciniphila_YL44_bact,sdm_3_F_3
0.131303486,cec_Blauta_coccoides_YL58_bact,sdm_3_F_3
0.089721647,cec_Muribaculum_intestinale_YL27_bact,sdm_3_F_3
0.017475903,cec_Turicimonas_muris_YL45_bact,sdm_3_F_3
0.010990001,cec_Lactobacillus_reuteri_I49_bact,sdm_3_F_3
0.010629673,cec_Clostridium_innocuum_I46_bact,sdm_3_F_3
0.007837132,cec_Acutalibacter_muris_KB18_bact,sdm_3_F_3
0.007026394,cec_Flavonifractor_plautii_YL31_bact,sdm_3_F_3
0.001171066,cec_Enterococcus_faecalis_KB1_bact,sdm_3_F_3
0,cec_Bifidobacterium_longum_animalis_YL2_bact,sdm_3_F_3
0.385095123,cec_Bacteroides_caecimuris_I48_bact,sdm_3_F_4
0.226425859,cec_Blauta_coccoides_YL58_bact,sdm_3_F_4
0.209644101,cec_Clostridium_clostridioforme_YL32_bact,sdm_3_F_4
0.075429381,cec_Akkermansia_muciniphila_YL44_bact,sdm_3_F_4
0.031930591,cec_Lactobacillus_reuteri_I49_bact,sdm_3_F_4
0.028763108,cec_Muribaculum_intestinale_YL27_bact,sdm_3_F_4
0.026107144,cec_Turicimonas_muris_YL45_bact,sdm_3_F_4
0.008223652,cec_Clostridium_innocuum_I46_bact,sdm_3_F_4
0.006295619,cec_Flavonifractor_plautii_YL31_bact,sdm_3_F_4
0.002085424,cec_Enterococcus_faecalis_KB1_bact,sdm_3_F_4
0,cec_Acutalibacter_muris_KB18_bact,sdm_3_F_4
0,cec_Bifidobacterium_longum_animalis_YL2_bact,sdm_3_F_4
0.446713825,cec_Bacteroides_caecimuris_I48_bact,sdm_3_M_1
0.211434568,cec_Clostridium_clostridioforme_YL32_bact,sdm_3_M_1
0.130261573,cec_Blauta_coccoides_YL58_bact,sdm_3_M_1
0.10639745,cec_Akkermansia_muciniphila_YL44_bact,sdm_3_M_1
0.053655408,cec_Muribaculum_intestinale_YL27_bact,sdm_3_M_1
0.022911889,cec_Turicimonas_muris_YL45_bact,sdm_3_M_1
0.01432236,cec_Lactobacillus_reuteri_I49_bact,sdm_3_M_1
0.006393564,cec_Clostridium_innocuum_I46_bact,sdm_3_M_1
0.004819464,cec_Enterococcus_faecalis_KB1_bact,sdm_3_M_1
0.003089899,cec_Flavonifractor_plautii_YL31_bact,sdm_3_M_1
0,cec_Acutalibacter_muris_KB18_bact,sdm_3_M_1
0,cec_Bifidobacterium_longum_animalis_YL2_bact,sdm_3_M_1
0.404656533,cec_Bacteroides_caecimuris_I48_bact,sdm_3_M_2
0.211141043,cec_Clostridium_clostridioforme_YL32_bact,sdm_3_M_2
0.150933231,cec_Blauta_coccoides_YL58_bact,sdm_3_M_2
0.142332115,cec_Akkermansia_muciniphila_YL44_bact,sdm_3_M_2
0.043505869,cec_Muribaculum_intestinale_YL27_bact,sdm_3_M_2
0.022994035,cec_Turicimonas_muris_YL45_bact,sdm_3_M_2
0.013488551,cec_Clostridium_innocuum_I46_bact,sdm_3_M_2
0.004137002,cec_Flavonifractor_plautii_YL31_bact,sdm_3_M_2
0.00359823,cec_Lactobacillus_reuteri_I49_bact,sdm_3_M_2
0.003213392,cec_Enterococcus_faecalis_KB1_bact,sdm_3_M_2
0,cec_Acutalibacter_muris_KB18_bact,sdm_3_M_2
0,cec_Bifidobacterium_longum_animalis_YL2_bact,sdm_3_M_2
0.394912222,cec_Bacteroides_caecimuris_I48_bact,sdm_3_M_3
0.197909914,cec_Clostridium_clostridioforme_YL32_bact,sdm_3_M_3
0.167219874,cec_Blauta_coccoides_YL58_bact,sdm_3_M_3
0.102896559,cec_Akkermansia_muciniphila_YL44_bact,sdm_3_M_3
0.056414179,cec_Muribaculum_intestinale_YL27_bact,sdm_3_M_3
0.026048285,cec_Lactobacillus_reuteri_I49_bact,sdm_3_M_3
0.024998055,cec_Turicimonas_muris_YL45_bact,sdm_3_M_3
0.010554158,cec_Clostridium_innocuum_I46_bact,sdm_3_M_3
0.009322407,cec_Acutalibacter_muris_KB18_bact,sdm_3_M_3
0.005899437,cec_Flavonifractor_plautii_YL31_bact,sdm_3_M_3
0.00382491,cec_Enterococcus_faecalis_KB1_bact,sdm_3_M_3
0,cec_Bifidobacterium_longum_animalis_YL2_bact,sdm_3_M_3
0.356451025,cec_Bacteroides_caecimuris_I48_bact,sdm_3_M_4
0.193406088,cec_Clostridium_clostridioforme_YL32_bact,sdm_3_M_4
0.179520129,cec_Blauta_coccoides_YL58_bact,sdm_3_M_4
0.171848329,cec_Akkermansia_muciniphila_YL44_bact,sdm_3_M_4
0.034829974,cec_Muribaculum_intestinale_YL27_bact,sdm_3_M_4
0.022957863,cec_Turicimonas_muris_YL45_bact,sdm_3_M_4
0.021481041,cec_Lactobacillus_reuteri_I49_bact,sdm_3_M_4
0.014135292,cec_Clostridium_innocuum_I46_bact,sdm_3_M_4
0.003663285,cec_Enterococcus_faecalis_KB1_bact,sdm_3_M_4
0.001706976,cec_Flavonifractor_plautii_YL31_bact,sdm_3_M_4
0,cec_Acutalibacter_muris_KB18_bact,sdm_3_M_4
0,cec_Bifidobacterium_longum_animalis_YL2_bact,sdm_3_M_4
0.340996402,col_Bacteroides_caecimuris_I48_bact,sdm_3_F_1
0.308968704,col_Akkermansia_muciniphila_YL44_bact,sdm_3_F_1
0.127324837,col_Blauta_coccoides_YL58_bact,sdm_3_F_1
0.118476059,col_Clostridium_clostridioforme_YL32_bact,sdm_3_F_1
0.049725254,col_Muribaculum_intestinale_YL27_bact,sdm_3_F_1
0.018503838,col_Turicimonas_muris_YL45_bact,sdm_3_F_1
0.018165064,col_Lactobacillus_reuteri_I49_bact,sdm_3_F_1
0.011328604,col_Enterococcus_faecalis_KB1_bact,sdm_3_F_1
0.003977207,col_Clostridium_innocuum_I46_bact,sdm_3_F_1
0.002513703,col_Flavonifractor_plautii_YL31_bact,sdm_3_F_1
0.0000203,col_Bifidobacterium_longum_animalis_YL2_bact,sdm_3_F_1
0,col_Acutalibacter_muris_KB18_bact,sdm_3_F_1
0.295169768,col_Bacteroides_caecimuris_I48_bact,sdm_3_F_2
0.284136524,col_Blauta_coccoides_YL58_bact,sdm_3_F_2
0.241223304,col_Akkermansia_muciniphila_YL44_bact,sdm_3_F_2
0.081756892,col_Clostridium_clostridioforme_YL32_bact,sdm_3_F_2
0.03868843,col_Lactobacillus_reuteri_I49_bact,sdm_3_F_2
0.021933424,col_Muribaculum_intestinale_YL27_bact,sdm_3_F_2
0.019039276,col_Clostridium_innocuum_I46_bact,sdm_3_F_2
0.01157659,col_Turicimonas_muris_YL45_bact,sdm_3_F_2
0.003592735,col_Flavonifractor_plautii_YL31_bact,sdm_3_F_2
0.002295358,col_Enterococcus_faecalis_KB1_bact,sdm_3_F_2
0.0005877,col_Acutalibacter_muris_KB18_bact,sdm_3_F_2
0,col_Bifidobacterium_longum_animalis_YL2_bact,sdm_3_F_2
0.359590194,col_Akkermansia_muciniphila_YL44_bact,sdm_3_F_3
0.244905485,col_Bacteroides_caecimuris_I48_bact,sdm_3_F_3
0.155264466,col_Blauta_coccoides_YL58_bact,sdm_3_F_3
0.127511183,col_Muribaculum_intestinale_YL27_bact,sdm_3_F_3
0.071459492,col_Clostridium_clostridioforme_YL32_bact,sdm_3_F_3
0.014974908,col_Lactobacillus_reuteri_I49_bact,sdm_3_F_3
0.010774238,col_Turicimonas_muris_YL45_bact,sdm_3_F_3
0.005932244,col_Clostridium_innocuum_I46_bact,sdm_3_F_3
0.00533902,col_Flavonifractor_plautii_YL31_bact,sdm_3_F_3
0.00290199,col_Enterococcus_faecalis_KB1_bact,sdm_3_F_3
0.00134678,col_Acutalibacter_muris_KB18_bact,sdm_3_F_3
0,col_Bifidobacterium_longum_animalis_YL2_bact,sdm_3_F_3
0.416191781,col_Bacteroides_caecimuris_I48_bact,sdm_3_F_4
0.259643836,col_Blauta_coccoides_YL58_bact,sdm_3_F_4
0.144328767,col_Akkermansia_muciniphila_YL44_bact,sdm_3_F_4
0.072657534,col_Clostridium_clostridioforme_YL32_bact,sdm_3_F_4
0.063123288,col_Lactobacillus_reuteri_I49_bact,sdm_3_F_4
0.01769863,col_Muribaculum_intestinale_YL27_bact,sdm_3_F_4
0.010493151,col_Turicimonas_muris_YL45_bact,sdm_3_F_4
0.010465753,col_Clostridium_innocuum_I46_bact,sdm_3_F_4
0.002986301,col_Enterococcus_faecalis_KB1_bact,sdm_3_F_4
0.002410959,col_Flavonifractor_plautii_YL31_bact,sdm_3_F_4
0,col_Acutalibacter_muris_KB18_bact,sdm_3_F_4
0,col_Bifidobacterium_longum_animalis_YL2_bact,sdm_3_F_4
0.430377385,col_Bacteroides_caecimuris_I48_bact,sdm_3_M_1
0.223874609,col_Akkermansia_muciniphila_YL44_bact,sdm_3_M_1
0.118831926,col_Blauta_coccoides_YL58_bact,sdm_3_M_1
0.100639082,col_Clostridium_clostridioforme_YL32_bact,sdm_3_M_1
0.046088539,col_Lactobacillus_reuteri_I49_bact,sdm_3_M_1
0.043718804,col_Muribaculum_intestinale_YL27_bact,sdm_3_M_1
0.016728087,col_Turicimonas_muris_YL45_bact,sdm_3_M_1
0.00887251,col_Clostridium_innocuum_I46_bact,sdm_3_M_1
0.008116807,col_Enterococcus_faecalis_KB1_bact,sdm_3_M_1
0.002752251,col_Flavonifractor_plautii_YL31_bact,sdm_3_M_1
0,col_Acutalibacter_muris_KB18_bact,sdm_3_M_1
0,col_Bifidobacterium_longum_animalis_YL2_bact,sdm_3_M_1
0.420018742,col_Bacteroides_caecimuris_I48_bact,sdm_3_M_2
0.24176587,col_Akkermansia_muciniphila_YL44_bact,sdm_3_M_2
0.140873911,col_Blauta_coccoides_YL58_bact,sdm_3_M_2
0.102228161,col_Clostridium_clostridioforme_YL32_bact,sdm_3_M_2
0.041960226,col_Muribaculum_intestinale_YL27_bact,sdm_3_M_2
0.016607087,col_Turicimonas_muris_YL45_bact,sdm_3_M_2
0.013466144,col_Clostridium_innocuum_I46_bact,sdm_3_M_2
0.013309964,col_Lactobacillus_reuteri_I49_bact,sdm_3_M_2
0.005396869,col_Enterococcus_faecalis_KB1_bact,sdm_3_M_2
0.004320966,col_Flavonifractor_plautii_YL31_bact,sdm_3_M_2
0.0000521,col_Acutalibacter_muris_KB18_bact,sdm_3_M_2
0,col_Bifidobacterium_longum_animalis_YL2_bact,sdm_3_M_2
0.409970932,col_Bacteroides_caecimuris_I48_bact,sdm_3_M_4
0.191063822,col_Blauta_coccoides_YL58_bact,sdm_3_M_4
0.166127352,col_Akkermansia_muciniphila_YL44_bact,sdm_3_M_4
0.13912503,col_Clostridium_clostridioforme_YL32_bact,sdm_3_M_4
0.030293058,col_Lactobacillus_reuteri_I49_bact,sdm_3_M_4
0.02923271,col_Muribaculum_intestinale_YL27_bact,sdm_3_M_4
0.015704126,col_Turicimonas_muris_YL45_bact,sdm_3_M_4
0.013619993,col_Clostridium_innocuum_I46_bact,sdm_3_M_4
0.004314521,col_Enterococcus_faecalis_KB1_bact,sdm_3_M_4
0.000548456,col_Flavonifractor_plautii_YL31_bact,sdm_3_M_4
0,col_Acutalibacter_muris_KB18_bact,sdm_3_M_4
0,col_Bifidobacterium_longum_animalis_YL2_bact,sdm_3_M_4
0.407451088,ile_Akkermansia_muciniphila_YL44_bact,sdm_3_F_1
0.273382053,ile_Blauta_coccoides_YL58_bact,sdm_3_F_1
0.134384938,ile_Muribaculum_intestinale_YL27_bact,sdm_3_F_1
0.108902133,ile_Lactobacillus_reuteri_I49_bact,sdm_3_F_1
0.029126214,ile_Turicimonas_muris_YL45_bact,sdm_3_F_1
0.019838679,ile_Clostridium_clostridioforme_YL32_bact,sdm_3_F_1
0.018869911,ile_Enterococcus_faecalis_KB1_bact,sdm_3_F_1
0.005749426,ile_Bacteroides_caecimuris_I48_bact,sdm_3_F_1
0.002148137,ile_Clostridium_innocuum_I46_bact,sdm_3_F_1
0.0000842,ile_Flavonifractor_plautii_YL31_bact,sdm_3_F_1
0,ile_Acutalibacter_muris_KB18_bact,sdm_3_F_1
0,ile_Bifidobacterium_longum_animalis_YL2_bact,sdm_3_F_1
0.604613599,ile_Lactobacillus_reuteri_I49_bact,sdm_3_F_2
0.230629448,ile_Blauta_coccoides_YL58_bact,sdm_3_F_2
0.115138055,ile_Akkermansia_muciniphila_YL44_bact,sdm_3_F_2
0.018272677,ile_Clostridium_clostridioforme_YL32_bact,sdm_3_F_2
0.010499218,ile_Clostridium_innocuum_I46_bact,sdm_3_F_2
0.009817778,ile_Turicimonas_muris_YL45_bact,sdm_3_F_2
0.006511534,ile_Muribaculum_intestinale_YL27_bact,sdm_3_F_2
0.002927666,ile_Bacteroides_caecimuris_I48_bact,sdm_3_F_2
0.001211448,ile_Enterococcus_faecalis_KB1_bact,sdm_3_F_2
0.000277624,ile_Bifidobacterium_longum_animalis_YL2_bact,sdm_3_F_2
0.000100954,ile_Flavonifractor_plautii_YL31_bact,sdm_3_F_2
0,ile_Acutalibacter_muris_KB18_bact,sdm_3_F_2
0.292909045,ile_Lactobacillus_reuteri_I49_bact,sdm_3_F_3
0.292073833,ile_Blauta_coccoides_YL58_bact,sdm_3_F_3
0.176146329,ile_Akkermansia_muciniphila_YL44_bact,sdm_3_F_3
0.141735572,ile_Clostridium_clostridioforme_YL32_bact,sdm_3_F_3
0.047356552,ile_Enterococcus_faecalis_KB1_bact,sdm_3_F_3
0.016954815,ile_Muribaculum_intestinale_YL27_bact,sdm_3_F_3
0.011108327,ile_Clostridium_innocuum_I46_bact,sdm_3_F_3
0.009688466,ile_Bacteroides_caecimuris_I48_bact,sdm_3_F_3
0.005261839,ile_Turicimonas_muris_YL45_bact,sdm_3_F_3
0.003841978,ile_Bifidobacterium_longum_animalis_YL2_bact,sdm_3_F_3
0.000584649,ile_Flavonifractor_plautii_YL31_bact,sdm_3_F_3
0.000167043,ile_Acutalibacter_muris_KB18_bact,sdm_3_F_3
0.841785483,ile_Lactobacillus_reuteri_I49_bact,sdm_3_F_4
0.119545258,ile_Blauta_coccoides_YL58_bact,sdm_3_F_4
0.020684813,ile_Clostridium_clostridioforme_YL32_bact,sdm_3_F_4
0.005859797,ile_Akkermansia_muciniphila_YL44_bact,sdm_3_F_4
0.005697775,ile_Enterococcus_faecalis_KB1_bact,sdm_3_F_4
0.005373731,ile_Clostridium_innocuum_I46_bact,sdm_3_F_4
0.000675092,ile_Bacteroides_caecimuris_I48_bact,sdm_3_F_4
0.000324044,ile_Turicimonas_muris_YL45_bact,sdm_3_F_4
0.000054,ile_Muribaculum_intestinale_YL27_bact,sdm_3_F_4
0,ile_Acutalibacter_muris_KB18_bact,sdm_3_F_4
0,ile_Bifidobacterium_longum_animalis_YL2_bact,sdm_3_F_4
0,ile_Flavonifractor_plautii_YL31_bact,sdm_3_F_4
0.387129724,ile_Blauta_coccoides_YL58_bact,sdm_3_M_1
0.285957488,ile_Lactobacillus_reuteri_I49_bact,sdm_3_M_1
0.229850674,ile_Akkermansia_muciniphila_YL44_bact,sdm_3_M_1
0.032783696,ile_Turicimonas_muris_YL45_bact,sdm_3_M_1
0.028211489,ile_Clostridium_clostridioforme_YL32_bact,sdm_3_M_1
0.022277348,ile_Clostridium_innocuum_I46_bact,sdm_3_M_1
0.005788219,ile_Enterococcus_faecalis_KB1_bact,sdm_3_M_1
0.004620847,ile_Bacteroides_caecimuris_I48_bact,sdm_3_M_1
0.002772508,ile_Muribaculum_intestinale_YL27_bact,sdm_3_M_1
0.000364804,ile_Acutalibacter_muris_KB18_bact,sdm_3_M_1
0.000073,ile_Bifidobacterium_longum_animalis_YL2_bact,sdm_3_M_1
0,ile_Flavonifractor_plautii_YL31_bact,sdm_3_M_1
0.856331462,ile_Lactobacillus_reuteri_I49_bact,sdm_3_M_2
0.060737385,ile_Blauta_coccoides_YL58_bact,sdm_3_M_2
0.034242753,ile_Bacteroides_caecimuris_I48_bact,sdm_3_M_2
0.020026921,ile_Clostridium_clostridioforme_YL32_bact,sdm_3_M_2
0.010111954,ile_Enterococcus_faecalis_KB1_bact,sdm_3_M_2
0.009192685,ile_Akkermansia_muciniphila_YL44_bact,sdm_3_M_2
0.004432188,ile_Clostridium_innocuum_I46_bact,sdm_3_M_2
0.003053285,ile_Muribaculum_intestinale_YL27_bact,sdm_3_M_2
0.000787944,ile_Turicimonas_muris_YL45_bact,sdm_3_M_2
0.000525296,ile_Acutalibacter_muris_KB18_bact,sdm_3_M_2
0.000393972,ile_Flavonifractor_plautii_YL31_bact,sdm_3_M_2
0,ile_Bifidobacterium_longum_animalis_YL2_bact,sdm_3_M_2
0.364551226,ile_Akkermansia_muciniphila_YL44_bact,sdm_3_M_3
0.340736057,ile_Lactobacillus_reuteri_I49_bact,sdm_3_M_3
0.233857583,ile_Blauta_coccoides_YL58_bact,sdm_3_M_3
0.025316789,ile_Clostridium_clostridioforme_YL32_bact,sdm_3_M_3
0.011617798,ile_Clostridium_innocuum_I46_bact,sdm_3_M_3
0.011090914,ile_Turicimonas_muris_YL45_bact,sdm_3_M_3
0.0063753,ile_Enterococcus_faecalis_KB1_bact,sdm_3_M_3
0.004662926,ile_Muribaculum_intestinale_YL27_bact,sdm_3_M_3
0.001396243,ile_Bacteroides_caecimuris_I48_bact,sdm_3_M_3
0.000395163,ile_Acutalibacter_muris_KB18_bact,sdm_3_M_3
0,ile_Bifidobacterium_longum_animalis_YL2_bact,sdm_3_M_3
0,ile_Flavonifractor_plautii_YL31_bact,sdm_3_M_3
0.700114199,ile_Lactobacillus_reuteri_I49_bact,sdm_3_M_4
0.184392844,ile_Blauta_coccoides_YL58_bact,sdm_3_M_4
0.072655754,ile_Akkermansia_muciniphila_YL44_bact,sdm_3_M_4
0.013678467,ile_Clostridium_clostridioforme_YL32_bact,sdm_3_M_4
0.01182591,ile_Clostridium_innocuum_I46_bact,sdm_3_M_4
0.006344373,ile_Enterococcus_faecalis_KB1_bact,sdm_3_M_4
0.00596371,ile_Turicimonas_muris_YL45_bact,sdm_3_M_4
0.004288796,ile_Bacteroides_caecimuris_I48_bact,sdm_3_M_4
0.000583682,ile_Muribaculum_intestinale_YL27_bact,sdm_3_M_4
0.000152265,ile_Acutalibacter_muris_KB18_bact,sdm_3_M_4
0,ile_Bifidobacterium_longum_animalis_YL2_bact,sdm_3_M_4
0,ile_Flavonifractor_plautii_YL31_bact,sdm_3_M_4
0.543094,jej_Akkermansia_muciniphila_YL44_bact,sdm_3_F_1
0.345862021,jej_Blauta_coccoides_YL58_bact,sdm_3_F_1
0.038597724,jej_Lactobacillus_reuteri_I49_bact,sdm_3_F_1
0.024504707,jej_Turicimonas_muris_YL45_bact,sdm_3_F_1
0.018519039,jej_Muribaculum_intestinale_YL27_bact,sdm_3_F_1
0.015849375,jej_Clostridium_clostridioforme_YL32_bact,sdm_3_F_1
0.009793452,jej_Clostridium_innocuum_I46_bact,sdm_3_F_1
0.002964732,jej_Enterococcus_faecalis_KB1_bact,sdm_3_F_1
0.000365322,jej_Bacteroides_caecimuris_I48_bact,sdm_3_F_1
0.000365322,jej_Acutalibacter_muris_KB18_bact,sdm_3_F_1
0.0000843,jej_Flavonifractor_plautii_YL31_bact,sdm_3_F_1
0,jej_Bifidobacterium_longum_animalis_YL2_bact,sdm_3_F_1
0.528720475,jej_Lactobacillus_reuteri_I49_bact,sdm_3_F_2
0.278594423,jej_Blauta_coccoides_YL58_bact,sdm_3_F_2
0.139820812,jej_Akkermansia_muciniphila_YL44_bact,sdm_3_F_2
0.021836094,jej_Clostridium_clostridioforme_YL32_bact,sdm_3_F_2
0.014738394,jej_Clostridium_innocuum_I46_bact,sdm_3_F_2
0.005313579,jej_Turicimonas_muris_YL45_bact,sdm_3_F_2
0.004925726,jej_Muribaculum_intestinale_YL27_bact,sdm_3_F_2
0.003219175,jej_Enterococcus_faecalis_KB1_bact,sdm_3_F_2
0.001667766,jej_Bacteroides_caecimuris_I48_bact,sdm_3_F_2
0.000349067,jej_Flavonifractor_plautii_YL31_bact,sdm_3_F_2
0.000193926,jej_Acutalibacter_muris_KB18_bact,sdm_3_F_2
0,jej_Bifidobacterium_longum_animalis_YL2_bact,sdm_3_F_2
0.588818702,jej_Akkermansia_muciniphila_YL44_bact,sdm_3_F_3
0.311795265,jej_Blauta_coccoides_YL58_bact,sdm_3_F_3
0.047995749,jej_Lactobacillus_reuteri_I49_bact,sdm_3_F_3
0.024529193,jej_Clostridium_clostridioforme_YL32_bact,sdm_3_F_3
0.011128166,jej_Turicimonas_muris_YL45_bact,sdm_3_F_3
0.007733632,jej_Muribaculum_intestinale_YL27_bact,sdm_3_F_3
0.004427652,jej_Clostridium_innocuum_I46_bact,sdm_3_F_3
0.00242045,jej_Enterococcus_faecalis_KB1_bact,sdm_3_F_3
0.001062637,jej_Bacteroides_caecimuris_I48_bact,sdm_3_F_3
0,jej_Acutalibacter_muris_KB18_bact,sdm_3_F_3
0,jej_Bifidobacterium_longum_animalis_YL2_bact,sdm_3_F_3
0,jej_Flavonifractor_plautii_YL31_bact,sdm_3_F_3
0.887085947,jej_Lactobacillus_reuteri_I49_bact,sdm_3_F_4
0.071526122,jej_Blauta_coccoides_YL58_bact,sdm_3_F_4
0.016295919,jej_Clostridium_clostridioforme_YL32_bact,sdm_3_F_4
0.008888683,jej_Akkermansia_muciniphila_YL44_bact,sdm_3_F_4
0.007430384,jej_Enterococcus_faecalis_KB1_bact,sdm_3_F_4
0.003379551,jej_Muribaculum_intestinale_YL27_bact,sdm_3_F_4
0.002638828,jej_Clostridium_innocuum_I46_bact,sdm_3_F_4
0.001435152,jej_Bifidobacterium_longum_animalis_YL2_bact,sdm_3_F_4
0.00057869,jej_Turicimonas_muris_YL45_bact,sdm_3_F_4
0.000532395,jej_Bacteroides_caecimuris_I48_bact,sdm_3_F_4
0,jej_Acutalibacter_muris_KB18_bact,sdm_3_F_4
0,jej_Flavonifractor_plautii_YL31_bact,sdm_3_F_4
0.400898114,jej_Blauta_coccoides_YL58_bact,sdm_3_M_1
0.329288494,jej_Akkermansia_muciniphila_YL44_bact,sdm_3_M_1
0.169005089,jej_Lactobacillus_reuteri_I49_bact,sdm_3_M_1
0.056401557,jej_Clostridium_clostridioforme_YL32_bact,sdm_3_M_1
0.018341483,jej_Clostridium_innocuum_I46_bact,sdm_3_M_1
0.016784752,jej_Turicimonas_muris_YL45_bact,sdm_3_M_1
0.007344576,jej_Enterococcus_faecalis_KB1_bact,sdm_3_M_1
0.000977946,jej_Muribaculum_intestinale_YL27_bact,sdm_3_M_1
0.000638659,jej_Bacteroides_caecimuris_I48_bact,sdm_3_M_1
0.000179623,jej_Acutalibacter_muris_KB18_bact,sdm_3_M_1
0.000139707,jej_Flavonifractor_plautii_YL31_bact,sdm_3_M_1
0,jej_Bifidobacterium_longum_animalis_YL2_bact,sdm_3_M_1
0.391627844,jej_Blauta_coccoides_YL58_bact,sdm_3_M_2
0.342688498,jej_Lactobacillus_reuteri_I49_bact,sdm_3_M_2
0.159301642,jej_Akkermansia_muciniphila_YL44_bact,sdm_3_M_2
0.058980506,jej_Clostridium_clostridioforme_YL32_bact,sdm_3_M_2
0.026278891,jej_Enterococcus_faecalis_KB1_bact,sdm_3_M_2
0.018295717,jej_Clostridium_innocuum_I46_bact,sdm_3_M_2
0.002012755,jej_Turicimonas_muris_YL45_bact,sdm_3_M_2
0.000542765,jej_Bacteroides_caecimuris_I48_bact,sdm_3_M_2
0.000158307,jej_Muribaculum_intestinale_YL27_bact,sdm_3_M_2
0.000113076,jej_Acutalibacter_muris_KB18_bact,sdm_3_M_2
0,jej_Bifidobacterium_longum_animalis_YL2_bact,sdm_3_M_2
0,jej_Flavonifractor_plautii_YL31_bact,sdm_3_M_2
0.607925855,jej_Lactobacillus_reuteri_I49_bact,sdm_3_M_3
0.203984234,jej_Akkermansia_muciniphila_YL44_bact,sdm_3_M_3
0.141855758,jej_Blauta_coccoides_YL58_bact,sdm_3_M_3
0.024970704,jej_Clostridium_clostridioforme_YL32_bact,sdm_3_M_3
0.007393203,jej_Turicimonas_muris_YL45_bact,sdm_3_M_3
0.004793864,jej_Muribaculum_intestinale_YL27_bact,sdm_3_M_3
0.00400554,jej_Clostridium_innocuum_I46_bact,sdm_3_M_3
0.002897624,jej_Bacteroides_caecimuris_I48_bact,sdm_3_M_3
0.001917546,jej_Enterococcus_faecalis_KB1_bact,sdm_3_M_3
0.000127836,jej_Acutalibacter_muris_KB18_bact,sdm_3_M_3
0.000127836,jej_Bifidobacterium_longum_animalis_YL2_bact,sdm_3_M_3
0,jej_Flavonifractor_plautii_YL31_bact,sdm_3_M_3
0.406234716,jej_Lactobacillus_reuteri_I49_bact,sdm_3_M_4
0.288902618,jej_Akkermansia_muciniphila_YL44_bact,sdm_3_M_4
0.234355291,jej_Blauta_coccoides_YL58_bact,sdm_3_M_4
0.021056967,jej_Clostridium_clostridioforme_YL32_bact,sdm_3_M_4
0.019847092,jej_Turicimonas_muris_YL45_bact,sdm_3_M_4
0.018070894,jej_Clostridium_innocuum_I46_bact,sdm_3_M_4
0.005791953,jej_Enterococcus_faecalis_KB1_bact,sdm_3_M_4
0.003784076,jej_Muribaculum_intestinale_YL27_bact,sdm_3_M_4
0.000463356,jej_Bacteroides_caecimuris_I48_bact,sdm_3_M_4
0.000360388,jej_Flavonifractor_plautii_YL31_bact,sdm_3_M_4
0.000154452,jej_Acutalibacter_muris_KB18_bact,sdm_3_M_4
0.000102968,jej_Bifidobacterium_longum_animalis_YL2_bact,sdm_3_M_4
0.372176166,cec_Bacteroides_caecimuris_I48_bact,sdm_8_F_1
0.161727116,cec_Blauta_coccoides_YL58_bact,sdm_8_F_1
0.154214162,cec_Clostridium_clostridioforme_YL32_bact,sdm_8_F_1
0.124041451,cec_Akkermansia_muciniphila_YL44_bact,sdm_8_F_1
0.065924007,cec_Lactobacillus_reuteri_I49_bact,sdm_8_F_1
0.047236615,cec_Muribaculum_intestinale_YL27_bact,sdm_8_F_1
0.024870466,cec_Acutalibacter_muris_KB18_bact,sdm_8_F_1
0.01925734,cec_Turicimonas_muris_YL45_bact,sdm_8_F_1
0.012953368,cec_Enterococcus_faecalis_KB1_bact,sdm_8_F_1
0.010915371,cec_Clostridium_innocuum_I46_bact,sdm_8_F_1
0.006683938,cec_Flavonifractor_plautii_YL31_bact,sdm_8_F_1
0,cec_Bifidobacterium_longum_animalis_YL2_bact,sdm_8_F_1
0.350542746,cec_Bacteroides_caecimuris_I48_bact,sdm_8_F_2
0.183455441,cec_Akkermansia_muciniphila_YL44_bact,sdm_8_F_2
0.181372669,cec_Clostridium_clostridioforme_YL32_bact,sdm_8_F_2
0.14549182,cec_Blauta_coccoides_YL58_bact,sdm_8_F_2
0.05269821,cec_Muribaculum_intestinale_YL27_bact,sdm_8_F_2
0.02229791,cec_Turicimonas_muris_YL45_bact,sdm_8_F_2
0.019455539,cec_Acutalibacter_muris_KB18_bact,sdm_8_F_2
0.017625967,cec_Lactobacillus_reuteri_I49_bact,sdm_8_F_2
0.014465054,cec_Clostridium_innocuum_I46_bact,sdm_8_F_2
0.007375462,cec_Enterococcus_faecalis_KB1_bact,sdm_8_F_2
0.005219181,cec_Flavonifractor_plautii_YL31_bact,sdm_8_F_2
0,cec_Bifidobacterium_longum_animalis_YL2_bact,sdm_8_F_2
0.356232378,cec_Bacteroides_caecimuris_I48_bact,sdm_8_F_3
0.179225764,cec_Blauta_coccoides_YL58_bact,sdm_8_F_3
0.177456877,cec_Clostridium_clostridioforme_YL32_bact,sdm_8_F_3
0.13436036,cec_Akkermansia_muciniphila_YL44_bact,sdm_8_F_3
0.047331125,cec_Muribaculum_intestinale_YL27_bact,sdm_8_F_3
0.041209704,cec_Lactobacillus_reuteri_I49_bact,sdm_8_F_3
0.025718543,cec_Acutalibacter_muris_KB18_bact,sdm_8_F_3
0.015748454,cec_Turicimonas_muris_YL45_bact,sdm_8_F_3
0.009230373,cec_Enterococcus_faecalis_KB1_bact,sdm_8_F_3
0.00692546,cec_Clostridium_innocuum_I46_bact,sdm_8_F_3
0.006560962,cec_Flavonifractor_plautii_YL31_bact,sdm_8_F_3
0,cec_Bifidobacterium_longum_animalis_YL2_bact,sdm_8_F_3
0.294433699,cec_Bacteroides_caecimuris_I48_bact,sdm_8_F_4
0.206649143,cec_Clostridium_clostridioforme_YL32_bact,sdm_8_F_4
0.159996032,cec_Akkermansia_muciniphila_YL44_bact,sdm_8_F_4
0.157036817,cec_Blauta_coccoides_YL58_bact,sdm_8_F_4
0.082841508,cec_Lactobacillus_reuteri_I49_bact,sdm_8_F_4
0.042768107,cec_Muribaculum_intestinale_YL27_bact,sdm_8_F_4
0.020102829,cec_Acutalibacter_muris_KB18_bact,sdm_8_F_4
0.01163848,cec_Turicimonas_muris_YL45_bact,sdm_8_F_4
0.010150606,cec_Clostridium_innocuum_I46_bact,sdm_8_F_4
0.009109094,cec_Enterococcus_faecalis_KB1_bact,sdm_8_F_4
0.005273686,cec_Flavonifractor_plautii_YL31_bact,sdm_8_F_4
0,cec_Bifidobacterium_longum_animalis_YL2_bact,sdm_8_F_4
0.34660214,cec_Bacteroides_caecimuris_I48_bact,sdm_8_M_1
0.192393157,cec_Blauta_coccoides_YL58_bact,sdm_8_M_1
0.162456547,cec_Clostridium_clostridioforme_YL32_bact,sdm_8_M_1
0.129220912,cec_Akkermansia_muciniphila_YL44_bact,sdm_8_M_1
0.061536364,cec_Muribaculum_intestinale_YL27_bact,sdm_8_M_1
0.042437462,cec_Lactobacillus_reuteri_I49_bact,sdm_8_M_1
0.020816577,cec_Turicimonas_muris_YL45_bact,sdm_8_M_1
0.013973144,cec_Enterococcus_faecalis_KB1_bact,sdm_8_M_1
0.013332425,cec_Acutalibacter_muris_KB18_bact,sdm_8_M_1
0.011560221,cec_Clostridium_innocuum_I46_bact,sdm_8_M_1
0.005671052,cec_Flavonifractor_plautii_YL31_bact,sdm_8_M_1
0,cec_Bifidobacterium_longum_animalis_YL2_bact,sdm_8_M_1
0.333064429,cec_Bacteroides_caecimuris_I48_bact,sdm_8_M_2
0.200763687,cec_Blauta_coccoides_YL58_bact,sdm_8_M_2
0.148219856,cec_Akkermansia_muciniphila_YL44_bact,sdm_8_M_2
0.147717902,cec_Clostridium_clostridioforme_YL32_bact,sdm_8_M_2
0.054372378,cec_Muribaculum_intestinale_YL27_bact,sdm_8_M_2
0.046574164,cec_Lactobacillus_reuteri_I49_bact,sdm_8_M_2
0.018267542,cec_Turicimonas_muris_YL45_bact,sdm_8_M_2
0.016492775,cec_Clostridium_innocuum_I46_bact,sdm_8_M_2
0.015506794,cec_Enterococcus_faecalis_KB1_bact,sdm_8_M_2
0.013014951,cec_Acutalibacter_muris_KB18_bact,sdm_8_M_2
0.006005521,cec_Flavonifractor_plautii_YL31_bact,sdm_8_M_2
0,cec_Bifidobacterium_longum_animalis_YL2_bact,sdm_8_M_2
0.393922584,cec_Bacteroides_caecimuris_I48_bact,sdm_8_M_3
0.168947239,cec_Blauta_coccoides_YL58_bact,sdm_8_M_3
0.168248685,cec_Clostridium_clostridioforme_YL32_bact,sdm_8_M_3
0.117624096,cec_Akkermansia_muciniphila_YL44_bact,sdm_8_M_3
0.064225838,cec_Muribaculum_intestinale_YL27_bact,sdm_8_M_3
0.025682117,cec_Lactobacillus_reuteri_I49_bact,sdm_8_M_3
0.015717456,cec_Turicimonas_muris_YL45_bact,sdm_8_M_3
0.015039448,cec_Acutalibacter_muris_KB18_bact,sdm_8_M_3
0.01288215,cec_Clostridium_innocuum_I46_bact,sdm_8_M_3
0.012347962,cec_Enterococcus_faecalis_KB1_bact,sdm_8_M_3
0.005362426,cec_Flavonifractor_plautii_YL31_bact,sdm_8_M_3
0,cec_Bifidobacterium_longum_animalis_YL2_bact,sdm_8_M_3
0.354523622,cec_Bacteroides_caecimuris_I48_bact,sdm_8_M_4
0.243924296,cec_Blauta_coccoides_YL58_bact,sdm_8_M_4
0.142895548,cec_Akkermansia_muciniphila_YL44_bact,sdm_8_M_4
0.133271202,cec_Clostridium_clostridioforme_YL32_bact,sdm_8_M_4
0.059878844,cec_Muribaculum_intestinale_YL27_bact,sdm_8_M_4
0.016399025,cec_Enterococcus_faecalis_KB1_bact,sdm_8_M_4
0.015001075,cec_Clostridium_innocuum_I46_bact,sdm_8_M_4
0.011649581,cec_Lactobacillus_reuteri_I49_bact,sdm_8_M_4
0.009445122,cec_Turicimonas_muris_YL45_bact,sdm_8_M_4
0.0066313,cec_Acutalibacter_muris_KB18_bact,sdm_8_M_4
0.006380386,cec_Flavonifractor_plautii_YL31_bact,sdm_8_M_4
0,cec_Bifidobacterium_longum_animalis_YL2_bact,sdm_8_M_4
0.367294087,col_Bacteroides_caecimuris_I48_bact,sdm_8_F_1
0.227034736,col_Blauta_coccoides_YL58_bact,sdm_8_F_1
0.216994764,col_Akkermansia_muciniphila_YL44_bact,sdm_8_F_1
0.080244713,col_Lactobacillus_reuteri_I49_bact,sdm_8_F_1
0.035655976,col_Muribaculum_intestinale_YL27_bact,sdm_8_F_1
0.026460488,col_Clostridium_clostridioforme_YL32_bact,sdm_8_F_1
0.014862912,col_Enterococcus_faecalis_KB1_bact,sdm_8_F_1
0.013286543,col_Turicimonas_muris_YL45_bact,sdm_8_F_1
0.008163342,col_Clostridium_innocuum_I46_bact,sdm_8_F_1
0.005442228,col_Acutalibacter_muris_KB18_bact,sdm_8_F_1
0.004560212,col_Flavonifractor_plautii_YL31_bact,sdm_8_F_1
0,col_Bifidobacterium_longum_animalis_YL2_bact,sdm_8_F_1
0.340606749,col_Bacteroides_caecimuris_I48_bact,sdm_8_F_2
0.247357931,col_Akkermansia_muciniphila_YL44_bact,sdm_8_F_2
0.194597664,col_Blauta_coccoides_YL58_bact,sdm_8_F_2
0.073097247,col_Clostridium_clostridioforme_YL32_bact,sdm_8_F_2
0.05233151,col_Muribaculum_intestinale_YL27_bact,sdm_8_F_2
0.04600445,col_Lactobacillus_reuteri_I49_bact,sdm_8_F_2
0.013337814,col_Turicimonas_muris_YL45_bact,sdm_8_F_2
0.012700473,col_Enterococcus_faecalis_KB1_bact,sdm_8_F_2
0.01031334,col_Clostridium_innocuum_I46_bact,sdm_8_F_2
0.006164828,col_Acutalibacter_muris_KB18_bact,sdm_8_F_2
0.003487995,col_Flavonifractor_plautii_YL31_bact,sdm_8_F_2
0,col_Bifidobacterium_longum_animalis_YL2_bact,sdm_8_F_2
0.328031067,col_Bacteroides_caecimuris_I48_bact,sdm_8_F_3
0.205966917,col_Blauta_coccoides_YL58_bact,sdm_8_F_3
0.192188492,col_Akkermansia_muciniphila_YL44_bact,sdm_8_F_3
0.092640305,col_Clostridium_clostridioforme_YL32_bact,sdm_8_F_3
0.074269071,col_Lactobacillus_reuteri_I49_bact,sdm_8_F_3
0.056644636,col_Muribaculum_intestinale_YL27_bact,sdm_8_F_3
0.017139016,col_Turicimonas_muris_YL45_bact,sdm_8_F_3
0.010044434,col_Enterococcus_faecalis_KB1_bact,sdm_8_F_3
0.009148277,col_Acutalibacter_muris_KB18_bact,sdm_8_F_3
0.008513498,col_Clostridium_innocuum_I46_bact,sdm_8_F_3
0.005414286,col_Flavonifractor_plautii_YL31_bact,sdm_8_F_3
0,col_Bifidobacterium_longum_animalis_YL2_bact,sdm_8_F_3
0.281499825,col_Akkermansia_muciniphila_YL44_bact,sdm_8_F_4
0.262550133,col_Bacteroides_caecimuris_I48_bact,sdm_8_F_4
0.218298296,col_Blauta_coccoides_YL58_bact,sdm_8_F_4
0.107103443,col_Lactobacillus_reuteri_I49_bact,sdm_8_F_4
0.069930823,col_Clostridium_clostridioforme_YL32_bact,sdm_8_F_4
0.021466448,col_Muribaculum_intestinale_YL27_bact,sdm_8_F_4
0.014481441,col_Enterococcus_faecalis_KB1_bact,sdm_8_F_4
0.011614761,col_Clostridium_innocuum_I46_bact,sdm_8_F_4
0.005948696,col_Acutalibacter_muris_KB18_bact,sdm_8_F_4
0.004333665,col_Turicimonas_muris_YL45_bact,sdm_8_F_4
0.002772469,col_Flavonifractor_plautii_YL31_bact,sdm_8_F_4
0,col_Bifidobacterium_longum_animalis_YL2_bact,sdm_8_F_4
0.323804603,col_Bacteroides_caecimuris_I48_bact,sdm_8_M_1
0.256906638,col_Blauta_coccoides_YL58_bact,sdm_8_M_1
0.176795172,col_Akkermansia_muciniphila_YL44_bact,sdm_8_M_1
0.10198018,col_Lactobacillus_reuteri_I49_bact,sdm_8_M_1
0.050953181,col_Clostridium_clostridioforme_YL32_bact,sdm_8_M_1
0.04294388,col_Muribaculum_intestinale_YL27_bact,sdm_8_M_1
0.015557237,col_Clostridium_innocuum_I46_bact,sdm_8_M_1
0.014708325,col_Enterococcus_faecalis_KB1_bact,sdm_8_M_1
0.009541034,col_Turicimonas_muris_YL45_bact,sdm_8_M_1
0.003506376,col_Flavonifractor_plautii_YL31_bact,sdm_8_M_1
0.003303375,col_Acutalibacter_muris_KB18_bact,sdm_8_M_1
0,col_Bifidobacterium_longum_animalis_YL2_bact,sdm_8_M_1
0.308610924,col_Blauta_coccoides_YL58_bact,sdm_8_M_2
0.279280663,col_Bacteroides_caecimuris_I48_bact,sdm_8_M_2
0.210079677,col_Akkermansia_muciniphila_YL44_bact,sdm_8_M_2
0.073968833,col_Lactobacillus_reuteri_I49_bact,sdm_8_M_2
0.054948642,col_Clostridium_clostridioforme_YL32_bact,sdm_8_M_2
0.031941378,col_Muribaculum_intestinale_YL27_bact,sdm_8_M_2
0.01811782,col_Clostridium_innocuum_I46_bact,sdm_8_M_2
0.011455633,col_Enterococcus_faecalis_KB1_bact,sdm_8_M_2
0.006022207,col_Turicimonas_muris_YL45_bact,sdm_8_M_2
0.004204665,col_Flavonifractor_plautii_YL31_bact,sdm_8_M_2
0.001369556,col_Acutalibacter_muris_KB18_bact,sdm_8_M_2
0,col_Bifidobacterium_longum_animalis_YL2_bact,sdm_8_M_2
0.331867513,col_Bacteroides_caecimuris_I48_bact,sdm_8_M_3
0.273368282,col_Blauta_coccoides_YL58_bact,sdm_8_M_3
0.175270238,col_Akkermansia_muciniphila_YL44_bact,sdm_8_M_3
0.085577194,col_Clostridium_clostridioforme_YL32_bact,sdm_8_M_3
0.053538548,col_Muribaculum_intestinale_YL27_bact,sdm_8_M_3
0.039620475,col_Lactobacillus_reuteri_I49_bact,sdm_8_M_3
0.013647293,col_Enterococcus_faecalis_KB1_bact,sdm_8_M_3
0.010213808,col_Clostridium_innocuum_I46_bact,sdm_8_M_3
0.008069233,col_Turicimonas_muris_YL45_bact,sdm_8_M_3
0.005545567,col_Acutalibacter_muris_KB18_bact,sdm_8_M_3
0.003281849,col_Flavonifractor_plautii_YL31_bact,sdm_8_M_3
0,col_Bifidobacterium_longum_animalis_YL2_bact,sdm_8_M_3
0.288628221,col_Blauta_coccoides_YL58_bact,sdm_8_M_4
0.273835664,col_Bacteroides_caecimuris_I48_bact,sdm_8_M_4
0.261860049,col_Akkermansia_muciniphila_YL44_bact,sdm_8_M_4
0.050690512,col_Clostridium_clostridioforme_YL32_bact,sdm_8_M_4
0.038064833,col_Lactobacillus_reuteri_I49_bact,sdm_8_M_4
0.036230209,col_Muribaculum_intestinale_YL27_bact,sdm_8_M_4
0.021062059,col_Clostridium_innocuum_I46_bact,sdm_8_M_4
0.017421703,col_Enterococcus_faecalis_KB1_bact,sdm_8_M_4
0.007006241,col_Turicimonas_muris_YL45_bact,sdm_8_M_4
0.003308101,col_Flavonifractor_plautii_YL31_bact,sdm_8_M_4
0.001892407,col_Acutalibacter_muris_KB18_bact,sdm_8_M_4
0,col_Bifidobacterium_longum_animalis_YL2_bact,sdm_8_M_4
0.443621372,ile_Akkermansia_muciniphila_YL44_bact,sdm_8_F_1
0.336863981,ile_Lactobacillus_reuteri_I49_bact,sdm_8_F_1
0.165482336,ile_Blauta_coccoides_YL58_bact,sdm_8_F_1
0.014815311,ile_Enterococcus_faecalis_KB1_bact,sdm_8_F_1
0.014211973,ile_Clostridium_innocuum_I46_bact,sdm_8_F_1
0.01344104,ile_Turicimonas_muris_YL45_bact,sdm_8_F_1
0.006033385,ile_Muribaculum_intestinale_YL27_bact,sdm_8_F_1
0.003787625,ile_Clostridium_clostridioforme_YL32_bact,sdm_8_F_1
0.000905008,ile_Acutalibacter_muris_KB18_bact,sdm_8_F_1
0.000737414,ile_Bacteroides_caecimuris_I48_bact,sdm_8_F_1
0,ile_Bifidobacterium_longum_animalis_YL2_bact,sdm_8_F_1
0,ile_Flavonifractor_plautii_YL31_bact,sdm_8_F_1
0.494795687,ile_Lactobacillus_reuteri_I49_bact,sdm_8_F_2
0.290243578,ile_Akkermansia_muciniphila_YL44_bact,sdm_8_F_2
0.139358445,ile_Blauta_coccoides_YL58_bact,sdm_8_F_2
0.041208572,ile_Muribaculum_intestinale_YL27_bact,sdm_8_F_2
0.011047518,ile_Clostridium_innocuum_I46_bact,sdm_8_F_2
0.010089179,ile_Enterococcus_faecalis_KB1_bact,sdm_8_F_2
0.006468787,ile_Turicimonas_muris_YL45_bact,sdm_8_F_2
0.004525489,ile_Clostridium_clostridioforme_YL32_bact,sdm_8_F_2
0.00204978,ile_Bacteroides_caecimuris_I48_bact,sdm_8_F_2
0.000212964,ile_Acutalibacter_muris_KB18_bact,sdm_8_F_2
0,ile_Bifidobacterium_longum_animalis_YL2_bact,sdm_8_F_2
0,ile_Flavonifractor_plautii_YL31_bact,sdm_8_F_2
0.473437011,ile_Lactobacillus_reuteri_I49_bact,sdm_8_F_3
0.338656369,ile_Akkermansia_muciniphila_YL44_bact,sdm_8_F_3
0.128448666,ile_Blauta_coccoides_YL58_bact,sdm_8_F_3
0.031311972,ile_Muribaculum_intestinale_YL27_bact,sdm_8_F_3
0.008767352,ile_Clostridium_innocuum_I46_bact,sdm_8_F_3
0.007827993,ile_Turicimonas_muris_YL45_bact,sdm_8_F_3
0.007514873,ile_Enterococcus_faecalis_KB1_bact,sdm_8_F_3
0.001809136,ile_Clostridium_clostridioforme_YL32_bact,sdm_8_F_3
0.001391643,ile_Acutalibacter_muris_KB18_bact,sdm_8_F_3
0.000834986,ile_Bacteroides_caecimuris_I48_bact,sdm_8_F_3
0,ile_Bifidobacterium_longum_animalis_YL2_bact,sdm_8_F_3
0,ile_Flavonifractor_plautii_YL31_bact,sdm_8_F_3
0.399033184,ile_Lactobacillus_reuteri_I49_bact,sdm_8_F_4
0.371338328,ile_Akkermansia_muciniphila_YL44_bact,sdm_8_F_4
0.161585425,ile_Blauta_coccoides_YL58_bact,sdm_8_F_4
0.023062997,ile_Muribaculum_intestinale_YL27_bact,sdm_8_F_4
0.018691139,ile_Enterococcus_faecalis_KB1_bact,sdm_8_F_4
0.010920016,ile_Clostridium_innocuum_I46_bact,sdm_8_F_4
0.007645937,ile_Turicimonas_muris_YL45_bact,sdm_8_F_4
0.005642971,ile_Clostridium_clostridioforme_YL32_bact,sdm_8_F_4
0.001107409,ile_Bacteroides_caecimuris_I48_bact,sdm_8_F_4
0.000741483,ile_Acutalibacter_muris_KB18_bact,sdm_8_F_4
0.000231111,ile_Flavonifractor_plautii_YL31_bact,sdm_8_F_4
0,ile_Bifidobacterium_longum_animalis_YL2_bact,sdm_8_F_4
0.468855172,ile_Lactobacillus_reuteri_I49_bact,sdm_8_M_1
0.275365517,ile_Blauta_coccoides_YL58_bact,sdm_8_M_1
0.194151724,ile_Akkermansia_muciniphila_YL44_bact,sdm_8_M_1
0.021737931,ile_Clostridium_clostridioforme_YL32_bact,sdm_8_M_1
0.013462069,ile_Enterococcus_faecalis_KB1_bact,sdm_8_M_1
0.008772414,ile_Clostridium_innocuum_I46_bact,sdm_8_M_1
0.006427586,ile_Muribaculum_intestinale_YL27_bact,sdm_8_M_1
0.005848276,ile_Bacteroides_caecimuris_I48_bact,sdm_8_M_1
0.00537931,ile_Turicimonas_muris_YL45_bact,sdm_8_M_1
0,ile_Acutalibacter_muris_KB18_bact,sdm_8_M_1
0,ile_Bifidobacterium_longum_animalis_YL2_bact,sdm_8_M_1
0,ile_Flavonifractor_plautii_YL31_bact,sdm_8_M_1
0.474513623,ile_Lactobacillus_reuteri_I49_bact,sdm_8_M_2
0.275590708,ile_Akkermansia_muciniphila_YL44_bact,sdm_8_M_2
0.215377278,ile_Blauta_coccoides_YL58_bact,sdm_8_M_2
0.013095924,ile_Enterococcus_faecalis_KB1_bact,sdm_8_M_2
0.009101568,ile_Clostridium_innocuum_I46_bact,sdm_8_M_2
0.007372667,ile_Turicimonas_muris_YL45_bact,sdm_8_M_2
0.002802011,ile_Clostridium_clostridioforme_YL32_bact,sdm_8_M_2
0.001788518,ile_Muribaculum_intestinale_YL27_bact,sdm_8_M_2
0.000357704,ile_Bacteroides_caecimuris_I48_bact,sdm_8_M_2
0,ile_Acutalibacter_muris_KB18_bact,sdm_8_M_2
0,ile_Bifidobacterium_longum_animalis_YL2_bact,sdm_8_M_2
0,ile_Flavonifractor_plautii_YL31_bact,sdm_8_M_2
0.326790903,ile_Akkermansia_muciniphila_YL44_bact,sdm_8_M_3
0.319917872,ile_Blauta_coccoides_YL58_bact,sdm_8_M_3
0.265803623,ile_Lactobacillus_reuteri_I49_bact,sdm_8_M_3
0.032346749,ile_Clostridium_clostridioforme_YL32_bact,sdm_8_M_3
0.021976301,ile_Clostridium_innocuum_I46_bact,sdm_8_M_3
0.018565885,ile_Enterococcus_faecalis_KB1_bact,sdm_8_M_3
0.008125837,ile_Turicimonas_muris_YL45_bact,sdm_8_M_3
0.00424562,ile_Muribaculum_intestinale_YL27_bact,sdm_8_M_3
0.001026605,ile_Bacteroides_caecimuris_I48_bact,sdm_8_M_3
0.000939604,ile_Acutalibacter_muris_KB18_bact,sdm_8_M_3
0.000261001,ile_Flavonifractor_plautii_YL31_bact,sdm_8_M_3
0,ile_Bifidobacterium_longum_animalis_YL2_bact,sdm_8_M_3
0.646778266,ile_Lactobacillus_reuteri_I49_bact,sdm_8_M_4
0.164250756,ile_Blauta_coccoides_YL58_bact,sdm_8_M_4
0.138408304,ile_Akkermansia_muciniphila_YL44_bact,sdm_8_M_4
0.016178809,ile_Clostridium_clostridioforme_YL32_bact,sdm_8_M_4
0.014885127,ile_Enterococcus_faecalis_KB1_bact,sdm_8_M_4
0.009164874,ile_Clostridium_innocuum_I46_bact,sdm_8_M_4
0.005470869,ile_Bacteroides_caecimuris_I48_bact,sdm_8_M_4
0.002384738,ile_Turicimonas_muris_YL45_bact,sdm_8_M_4
0.001870382,ile_Muribaculum_intestinale_YL27_bact,sdm_8_M_4
0.000342903,ile_Acutalibacter_muris_KB18_bact,sdm_8_M_4
0.000264971,ile_Flavonifractor_plautii_YL31_bact,sdm_8_M_4
0,ile_Bifidobacterium_longum_animalis_YL2_bact,sdm_8_M_4
0.371868904,jej_Akkermansia_muciniphila_YL44_bact,sdm_8_F_1
0.344576668,jej_Lactobacillus_reuteri_I49_bact,sdm_8_F_1
0.242645337,jej_Blauta_coccoides_YL58_bact,sdm_8_F_1
0.010924698,jej_Clostridium_innocuum_I46_bact,sdm_8_F_1
0.009188451,jej_Enterococcus_faecalis_KB1_bact,sdm_8_F_1
0.005637924,jej_Clostridium_clostridioforme_YL32_bact,sdm_8_F_1
0.005247757,jej_Muribaculum_intestinale_YL27_bact,sdm_8_F_1
0.004935622,jej_Turicimonas_muris_YL45_bact,sdm_8_F_1
0.003570035,jej_Bacteroides_caecimuris_I48_bact,sdm_8_F_1
0.001033945,jej_Acutalibacter_muris_KB18_bact,sdm_8_F_1
0.000370659,jej_Flavonifractor_plautii_YL31_bact,sdm_8_F_1
0,jej_Bifidobacterium_longum_animalis_YL2_bact,sdm_8_F_1
0.540944914,jej_Akkermansia_muciniphila_YL44_bact,sdm_8_F_2
0.263833019,jej_Lactobacillus_reuteri_I49_bact,sdm_8_F_2
0.135087431,jej_Blauta_coccoides_YL58_bact,sdm_8_F_2
0.016685822,jej_Muribaculum_intestinale_YL27_bact,sdm_8_F_2
0.013360972,jej_Turicimonas_muris_YL45_bact,sdm_8_F_2
0.011780642,jej_Enterococcus_faecalis_KB1_bact,sdm_8_F_2
0.011493309,jej_Clostridium_innocuum_I46_bact,sdm_8_F_2
0.003591659,jej_Clostridium_clostridioforme_YL32_bact,sdm_8_F_2
0.002442328,jej_Bacteroides_caecimuris_I48_bact,sdm_8_F_2
0.000574665,jej_Acutalibacter_muris_KB18_bact,sdm_8_F_2
0.000205238,jej_Flavonifractor_plautii_YL31_bact,sdm_8_F_2
0,jej_Bifidobacterium_longum_animalis_YL2_bact,sdm_8_F_2
0.442770199,jej_Akkermansia_muciniphila_YL44_bact,sdm_8_F_3
0.328001882,jej_Lactobacillus_reuteri_I49_bact,sdm_8_F_3
0.176643538,jej_Blauta_coccoides_YL58_bact,sdm_8_F_3
0.014289074,jej_Muribaculum_intestinale_YL27_bact,sdm_8_F_3
0.010128778,jej_Enterococcus_faecalis_KB1_bact,sdm_8_F_3
0.009893567,jej_Turicimonas_muris_YL45_bact,sdm_8_F_3
0.008423498,jej_Clostridium_innocuum_I46_bact,sdm_8_F_3
0.005218746,jej_Clostridium_clostridioforme_YL32_bact,sdm_8_F_3
0.002837234,jej_Bacteroides_caecimuris_I48_bact,sdm_8_F_3
0.001396566,jej_Acutalibacter_muris_KB18_bact,sdm_8_F_3
0.000396919,jej_Flavonifractor_plautii_YL31_bact,sdm_8_F_3
0,jej_Bifidobacterium_longum_animalis_YL2_bact,sdm_8_F_3
0.473483744,jej_Akkermansia_muciniphila_YL44_bact,sdm_8_F_4
0.246973319,jej_Lactobacillus_reuteri_I49_bact,sdm_8_F_4
0.222060281,jej_Blauta_coccoides_YL58_bact,sdm_8_F_4
0.017683981,jej_Clostridium_innocuum_I46_bact,sdm_8_F_4
0.013525331,jej_Enterococcus_faecalis_KB1_bact,sdm_8_F_4
0.011523737,jej_Muribaculum_intestinale_YL27_bact,sdm_8_F_4
0.006471171,jej_Clostridium_clostridioforme_YL32_bact,sdm_8_F_4
0.003808858,jej_Turicimonas_muris_YL45_bact,sdm_8_F_4
0.00303154,jej_Bacteroides_caecimuris_I48_bact,sdm_8_F_4
0.001029946,jej_Acutalibacter_muris_KB18_bact,sdm_8_F_4
0.000408092,jej_Flavonifractor_plautii_YL31_bact,sdm_8_F_4
0,jej_Bifidobacterium_longum_animalis_YL2_bact,sdm_8_F_4
0.372622769,jej_Akkermansia_muciniphila_YL44_bact,sdm_8_M_1
0.372052885,jej_Blauta_coccoides_YL58_bact,sdm_8_M_1
0.198124267,jej_Lactobacillus_reuteri_I49_bact,sdm_8_M_1
0.019278364,jej_Enterococcus_faecalis_KB1_bact,sdm_8_M_1
0.018073466,jej_Clostridium_innocuum_I46_bact,sdm_8_M_1
0.017878077,jej_Clostridium_clostridioforme_YL32_bact,sdm_8_M_1
0.000716426,jej_Turicimonas_muris_YL45_bact,sdm_8_M_1
0.000651296,jej_Acutalibacter_muris_KB18_bact,sdm_8_M_1
0.00034193,jej_Bacteroides_caecimuris_I48_bact,sdm_8_M_1
0.000260518,jej_Muribaculum_intestinale_YL27_bact,sdm_8_M_1
0,jej_Bifidobacterium_longum_animalis_YL2_bact,sdm_8_M_1
0,jej_Flavonifractor_plautii_YL31_bact,sdm_8_M_1
0.463251097,jej_Akkermansia_muciniphila_YL44_bact,sdm_8_M_2
0.286115079,jej_Blauta_coccoides_YL58_bact,sdm_8_M_2
0.205757821,jej_Lactobacillus_reuteri_I49_bact,sdm_8_M_2
0.024181821,jej_Clostridium_innocuum_I46_bact,sdm_8_M_2
0.00956205,jej_Enterococcus_faecalis_KB1_bact,sdm_8_M_2
0.005443805,jej_Turicimonas_muris_YL45_bact,sdm_8_M_2
0.003706421,jej_Clostridium_clostridioforme_YL32_bact,sdm_8_M_2
0.000823649,jej_Muribaculum_intestinale_YL27_bact,sdm_8_M_2
0.000772171,jej_Acutalibacter_muris_KB18_bact,sdm_8_M_2
0.000283129,jej_Bacteroides_caecimuris_I48_bact,sdm_8_M_2
0.000102956,jej_Flavonifractor_plautii_YL31_bact,sdm_8_M_2
0,jej_Bifidobacterium_longum_animalis_YL2_bact,sdm_8_M_2
0.763596883,jej_Lactobacillus_reuteri_I49_bact,sdm_8_M_3
0.159126325,jej_Blauta_coccoides_YL58_bact,sdm_8_M_3
0.054361987,jej_Akkermansia_muciniphila_YL44_bact,sdm_8_M_3
0.008838932,jej_Enterococcus_faecalis_KB1_bact,sdm_8_M_3
0.005875591,jej_Clostridium_clostridioforme_YL32_bact,sdm_8_M_3
0.003065526,jej_Clostridium_innocuum_I46_bact,sdm_8_M_3
0.002937795,jej_Turicimonas_muris_YL45_bact,sdm_8_M_3
0.001737131,jej_Acutalibacter_muris_KB18_bact,sdm_8_M_3
0.000332099,jej_Bacteroides_caecimuris_I48_bact,sdm_8_M_3
0.00012773,jej_Bifidobacterium_longum_animalis_YL2_bact,sdm_8_M_3
0,jej_Muribaculum_intestinale_YL27_bact,sdm_8_M_3
0,jej_Flavonifractor_plautii_YL31_bact,sdm_8_M_3
0.875312596,jej_Lactobacillus_reuteri_I49_bact,sdm_8_M_4
0.067038126,jej_Blauta_coccoides_YL58_bact,sdm_8_M_4
0.041503971,jej_Akkermansia_muciniphila_YL44_bact,sdm_8_M_4
0.006537095,jej_Clostridium_clostridioforme_YL32_bact,sdm_8_M_4
0.005133155,jej_Enterococcus_faecalis_KB1_bact,sdm_8_M_4
0.00267626,jej_Clostridium_innocuum_I46_bact,sdm_8_M_4
0.000833589,jej_Turicimonas_muris_YL45_bact,sdm_8_M_4
0.000394858,jej_Bacteroides_caecimuris_I48_bact,sdm_8_M_4
0.000307112,jej_Muribaculum_intestinale_YL27_bact,sdm_8_M_4
0.000263239,jej_Acutalibacter_muris_KB18_bact,sdm_8_M_4
0,jej_Bifidobacterium_longum_animalis_YL2_bact,sdm_8_M_4
0,jej_Flavonifractor_plautii_YL31_bact,sdm_8_M_4
0.384857397,cec_Bacteroides_caecimuris_I48_bact,sdm_12_F_1
0.206839477,cec_Blauta_coccoides_YL58_bact,sdm_12_F_1
0.151467068,cec_Clostridium_clostridioforme_YL32_bact,sdm_12_F_1
0.124286984,cec_Akkermansia_muciniphila_YL44_bact,sdm_12_F_1
0.053813009,cec_Muribaculum_intestinale_YL27_bact,sdm_12_F_1
0.019027426,cec_Acutalibacter_muris_KB18_bact,sdm_12_F_1
0.01779632,cec_Turicimonas_muris_YL45_bact,sdm_12_F_1
0.016086451,cec_Lactobacillus_reuteri_I49_bact,sdm_12_F_1
0.00982149,cec_Enterococcus_faecalis_KB1_bact,sdm_12_F_1
0.009780453,cec_Clostridium_innocuum_I46_bact,sdm_12_F_1
0.006223924,cec_Flavonifractor_plautii_YL31_bact,sdm_12_F_1
0,cec_Bifidobacterium_longum_animalis_YL2_bact,sdm_12_F_1
0.352388086,cec_Bacteroides_caecimuris_I48_bact,sdm_12_F_2
0.178435669,cec_Blauta_coccoides_YL58_bact,sdm_12_F_2
0.172141228,cec_Clostridium_clostridioforme_YL32_bact,sdm_12_F_2
0.138220563,cec_Akkermansia_muciniphila_YL44_bact,sdm_12_F_2
0.052312061,cec_Muribaculum_intestinale_YL27_bact,sdm_12_F_2
0.035228746,cec_Lactobacillus_reuteri_I49_bact,sdm_12_F_2
0.022226197,cec_Turicimonas_muris_YL45_bact,sdm_12_F_2
0.018514378,cec_Acutalibacter_muris_KB18_bact,sdm_12_F_2
0.013885783,cec_Clostridium_innocuum_I46_bact,sdm_12_F_2
0.010643531,cec_Enterococcus_faecalis_KB1_bact,sdm_12_F_2
0.006003757,cec_Flavonifractor_plautii_YL31_bact,sdm_12_F_2
0,cec_Bifidobacterium_longum_animalis_YL2_bact,sdm_12_F_2
0.362858564,cec_Bacteroides_caecimuris_I48_bact,sdm_12_F_3
0.174050738,cec_Blauta_coccoides_YL58_bact,sdm_12_F_3
0.161697894,cec_Clostridium_clostridioforme_YL32_bact,sdm_12_F_3
0.127391809,cec_Akkermansia_muciniphila_YL44_bact,sdm_12_F_3
0.054667551,cec_Muribaculum_intestinale_YL27_bact,sdm_12_F_3
0.037589123,cec_Lactobacillus_reuteri_I49_bact,sdm_12_F_3
0.024937821,cec_Acutalibacter_muris_KB18_bact,sdm_12_F_3
0.023661084,cec_Turicimonas_muris_YL45_bact,sdm_12_F_3
0.014873155,cec_Enterococcus_faecalis_KB1_bact,sdm_12_F_3
0.011706185,cec_Clostridium_innocuum_I46_bact,sdm_12_F_3
0.006566075,cec_Flavonifractor_plautii_YL31_bact,sdm_12_F_3
0,cec_Bifidobacterium_longum_animalis_YL2_bact,sdm_12_F_3
0.303962731,cec_Bacteroides_caecimuris_I48_bact,sdm_12_F_4
0.209121758,cec_Blauta_coccoides_YL58_bact,sdm_12_F_4
0.167050095,cec_Akkermansia_muciniphila_YL44_bact,sdm_12_F_4
0.141945131,cec_Clostridium_clostridioforme_YL32_bact,sdm_12_F_4
0.054724794,cec_Muribaculum_intestinale_YL27_bact,sdm_12_F_4
0.029878645,cec_Clostridium_innocuum_I46_bact,sdm_12_F_4
0.025680106,cec_Lactobacillus_reuteri_I49_bact,sdm_12_F_4
0.025162478,cec_Turicimonas_muris_YL45_bact,sdm_12_F_4
0.018433312,cec_Acutalibacter_muris_KB18_bact,sdm_12_F_4
0.0161615,cec_Enterococcus_faecalis_KB1_bact,sdm_12_F_4
0.00787945,cec_Flavonifractor_plautii_YL31_bact,sdm_12_F_4
0,cec_Bifidobacterium_longum_animalis_YL2_bact,sdm_12_F_4
0.388606494,cec_Bacteroides_caecimuris_I48_bact,sdm_12_M_1
0.202237234,cec_Blauta_coccoides_YL58_bact,sdm_12_M_1
0.149617095,cec_Clostridium_clostridioforme_YL32_bact,sdm_12_M_1
0.116543491,cec_Akkermansia_muciniphila_YL44_bact,sdm_12_M_1
0.054392536,cec_Muribaculum_intestinale_YL27_bact,sdm_12_M_1
0.02747216,cec_Lactobacillus_reuteri_I49_bact,sdm_12_M_1
0.023074608,cec_Turicimonas_muris_YL45_bact,sdm_12_M_1
0.012306458,cec_Acutalibacter_muris_KB18_bact,sdm_12_M_1
0.010885195,cec_Clostridium_innocuum_I46_bact,sdm_12_M_1
0.007842023,cec_Enterococcus_faecalis_KB1_bact,sdm_12_M_1
0.007022707,cec_Flavonifractor_plautii_YL31_bact,sdm_12_M_1
0,cec_Bifidobacterium_longum_animalis_YL2_bact,sdm_12_M_1
0.352163401,cec_Bacteroides_caecimuris_I48_bact,sdm_12_M_2
0.227550175,cec_Blauta_coccoides_YL58_bact,sdm_12_M_2
0.18255753,cec_Clostridium_clostridioforme_YL32_bact,sdm_12_M_2
0.11754561,cec_Akkermansia_muciniphila_YL44_bact,sdm_12_M_2
0.041492653,cec_Muribaculum_intestinale_YL27_bact,sdm_12_M_2
0.025903319,cec_Lactobacillus_reuteri_I49_bact,sdm_12_M_2
0.017432325,cec_Clostridium_innocuum_I46_bact,sdm_12_M_2
0.013256007,cec_Turicimonas_muris_YL45_bact,sdm_12_M_2
0.010736689,cec_Acutalibacter_muris_KB18_bact,sdm_12_M_2
0.005782595,cec_Enterococcus_faecalis_KB1_bact,sdm_12_M_2
0.005579697,cec_Flavonifractor_plautii_YL31_bact,sdm_12_M_2
0,cec_Bifidobacterium_longum_animalis_YL2_bact,sdm_12_M_2
0.364922899,cec_Bacteroides_caecimuris_I48_bact,sdm_12_M_3
0.202998644,cec_Blauta_coccoides_YL58_bact,sdm_12_M_3
0.168843237,cec_Clostridium_clostridioforme_YL32_bact,sdm_12_M_3
0.130468632,cec_Akkermansia_muciniphila_YL44_bact,sdm_12_M_3
0.053593852,cec_Muribaculum_intestinale_YL27_bact,sdm_12_M_3
0.021535486,cec_Lactobacillus_reuteri_I49_bact,sdm_12_M_3
0.018019489,cec_Turicimonas_muris_YL45_bact,sdm_12_M_3
0.015244362,cec_Acutalibacter_muris_KB18_bact,sdm_12_M_3
0.008513738,cec_Enterococcus_faecalis_KB1_bact,sdm_12_M_3
0.008187252,cec_Clostridium_innocuum_I46_bact,sdm_12_M_3
0.007672409,cec_Flavonifractor_plautii_YL31_bact,sdm_12_M_3
0,cec_Bifidobacterium_longum_animalis_YL2_bact,sdm_12_M_3
0.302403477,cec_Bacteroides_caecimuris_I48_bact,sdm_12_M_4
0.196752749,cec_Blauta_coccoides_YL58_bact,sdm_12_M_4
0.179877269,cec_Clostridium_clostridioforme_YL32_bact,sdm_12_M_4
0.17916134,cec_Akkermansia_muciniphila_YL44_bact,sdm_12_M_4
0.044950141,cec_Muribaculum_intestinale_YL27_bact,sdm_12_M_4
0.040807977,cec_Lactobacillus_reuteri_I49_bact,sdm_12_M_4
0.014216313,cec_Turicimonas_muris_YL45_bact,sdm_12_M_4
0.014011762,cec_Clostridium_innocuum_I46_bact,sdm_12_M_4
0.013756073,cec_Acutalibacter_muris_KB18_bact,sdm_12_M_4
0.008540015,cec_Enterococcus_faecalis_KB1_bact,sdm_12_M_4
0.005522884,cec_Flavonifractor_plautii_YL31_bact,sdm_12_M_4
0,cec_Bifidobacterium_longum_animalis_YL2_bact,sdm_12_M_4
0.34123194,col_Bacteroides_caecimuris_I48_bact,sdm_12_F_1
0.310821294,col_Blauta_coccoides_YL58_bact,sdm_12_F_1
0.180670028,col_Akkermansia_muciniphila_YL44_bact,sdm_12_F_1
0.045718995,col_Clostridium_clostridioforme_YL32_bact,sdm_12_F_1
0.044688742,col_Lactobacillus_reuteri_I49_bact,sdm_12_F_1
0.033489285,col_Muribaculum_intestinale_YL27_bact,sdm_12_F_1
0.01688403,col_Enterococcus_faecalis_KB1_bact,sdm_12_F_1
0.010035877,col_Clostridium_innocuum_I46_bact,sdm_12_F_1
0.007914768,col_Turicimonas_muris_YL45_bact,sdm_12_F_1
0.004630079,col_Flavonifractor_plautii_YL31_bact,sdm_12_F_1
0.003914962,col_Acutalibacter_muris_KB18_bact,sdm_12_F_1
0,col_Bifidobacterium_longum_animalis_YL2_bact,sdm_12_F_1
0.344145119,col_Bacteroides_caecimuris_I48_bact,sdm_12_F_2
0.263989848,col_Blauta_coccoides_YL58_bact,sdm_12_F_2
0.153060177,col_Akkermansia_muciniphila_YL44_bact,sdm_12_F_2
0.089841089,col_Clostridium_clostridioforme_YL32_bact,sdm_12_F_2
0.071673183,col_Lactobacillus_reuteri_I49_bact,sdm_12_F_2
0.037194286,col_Muribaculum_intestinale_YL27_bact,sdm_12_F_2
0.012569168,col_Enterococcus_faecalis_KB1_bact,sdm_12_F_2
0.011178814,col_Clostridium_innocuum_I46_bact,sdm_12_F_2
0.009256581,col_Turicimonas_muris_YL45_bact,sdm_12_F_2
0.004497653,col_Flavonifractor_plautii_YL31_bact,sdm_12_F_2
0.002594082,col_Acutalibacter_muris_KB18_bact,sdm_12_F_2
0,col_Bifidobacterium_longum_animalis_YL2_bact,sdm_12_F_2
0.319878809,col_Bacteroides_caecimuris_I48_bact,sdm_12_F_3
0.227933996,col_Blauta_coccoides_YL58_bact,sdm_12_F_3
0.215013646,col_Akkermansia_muciniphila_YL44_bact,sdm_12_F_3
0.084758495,col_Lactobacillus_reuteri_I49_bact,sdm_12_F_3
0.066805218,col_Clostridium_clostridioforme_YL32_bact,sdm_12_F_3
0.034203871,col_Muribaculum_intestinale_YL27_bact,sdm_12_F_3
0.01334602,col_Enterococcus_faecalis_KB1_bact,sdm_12_F_3
0.0124446,col_Turicimonas_muris_YL45_bact,sdm_12_F_3
0.011818614,col_Clostridium_innocuum_I46_bact,sdm_12_F_3
0.010015775,col_Acutalibacter_muris_KB18_bact,sdm_12_F_3
0.003780955,col_Flavonifractor_plautii_YL31_bact,sdm_12_F_3
0,col_Bifidobacterium_longum_animalis_YL2_bact,sdm_12_F_3
0.349773417,col_Bacteroides_caecimuris_I48_bact,sdm_12_F_4
0.284482379,col_Blauta_coccoides_YL58_bact,sdm_12_F_4
0.185753883,col_Akkermansia_muciniphila_YL44_bact,sdm_12_F_4
0.063355185,col_Clostridium_clostridioforme_YL32_bact,sdm_12_F_4
0.038057108,col_Muribaculum_intestinale_YL27_bact,sdm_12_F_4
0.038057108,col_Lactobacillus_reuteri_I49_bact,sdm_12_F_4
0.013462977,col_Enterococcus_faecalis_KB1_bact,sdm_12_F_4
0.011835101,col_Turicimonas_muris_YL45_bact,sdm_12_F_4
0.009723261,col_Clostridium_innocuum_I46_bact,sdm_12_F_4
0.004091689,col_Flavonifractor_plautii_YL31_bact,sdm_12_F_4
0.001407893,col_Acutalibacter_muris_KB18_bact,sdm_12_F_4
0,col_Bifidobacterium_longum_animalis_YL2_bact,sdm_12_F_4
0.317617787,col_Bacteroides_caecimuris_I48_bact,sdm_12_M_1
0.290838623,col_Blauta_coccoides_YL58_bact,sdm_12_M_1
0.211585697,col_Akkermansia_muciniphila_YL44_bact,sdm_12_M_1
0.061134326,col_Clostridium_clostridioforme_YL32_bact,sdm_12_M_1
0.047593225,col_Lactobacillus_reuteri_I49_bact,sdm_12_M_1
0.03744936,col_Muribaculum_intestinale_YL27_bact,sdm_12_M_1
0.010686146,col_Clostridium_innocuum_I46_bact,sdm_12_M_1
0.009091199,col_Enterococcus_faecalis_KB1_bact,sdm_12_M_1
0.008102332,col_Turicimonas_muris_YL45_bact,sdm_12_M_1
0.004114964,col_Flavonifractor_plautii_YL31_bact,sdm_12_M_1
0.001786341,col_Acutalibacter_muris_KB18_bact,sdm_12_M_1
0,col_Bifidobacterium_longum_animalis_YL2_bact,sdm_12_M_1
0.301659429,col_Blauta_coccoides_YL58_bact,sdm_12_M_2
0.292916511,col_Bacteroides_caecimuris_I48_bact,sdm_12_M_2
0.232463835,col_Akkermansia_muciniphila_YL44_bact,sdm_12_M_2
0.083690432,col_Lactobacillus_reuteri_I49_bact,sdm_12_M_2
0.033447413,col_Muribaculum_intestinale_YL27_bact,sdm_12_M_2
0.01860746,col_Clostridium_innocuum_I46_bact,sdm_12_M_2
0.018549941,col_Clostridium_clostridioforme_YL32_bact,sdm_12_M_2
0.01216531,col_Enterococcus_faecalis_KB1_bact,sdm_12_M_2
0.003278594,col_Turicimonas_muris_YL45_bact,sdm_12_M_2
0.003134796,col_Flavonifractor_plautii_YL31_bact,sdm_12_M_2
0.0000863,col_Acutalibacter_muris_KB18_bact,sdm_12_M_2
0,col_Bifidobacterium_longum_animalis_YL2_bact,sdm_12_M_2
0.339669636,col_Blauta_coccoides_YL58_bact,sdm_12_M_3
0.271717372,col_Bacteroides_caecimuris_I48_bact,sdm_12_M_3
0.240132635,col_Akkermansia_muciniphila_YL44_bact,sdm_12_M_3
0.043824397,col_Lactobacillus_reuteri_I49_bact,sdm_12_M_3
0.033387834,col_Muribaculum_intestinale_YL27_bact,sdm_12_M_3
0.030927678,col_Clostridium_clostridioforme_YL32_bact,sdm_12_M_3
0.016197301,col_Clostridium_innocuum_I46_bact,sdm_12_M_3
0.015066546,col_Enterococcus_faecalis_KB1_bact,sdm_12_M_3
0.005684336,col_Turicimonas_muris_YL45_bact,sdm_12_M_3
0.003178338,col_Flavonifractor_plautii_YL31_bact,sdm_12_M_3
0.000213927,col_Acutalibacter_muris_KB18_bact,sdm_12_M_3
0,col_Bifidobacterium_longum_animalis_YL2_bact,sdm_12_M_3
0.294951973,col_Blauta_coccoides_YL58_bact,sdm_12_M_4
0.232015756,col_Akkermansia_muciniphila_YL44_bact,sdm_12_M_4
0.225450902,col_Bacteroides_caecimuris_I48_bact,sdm_12_M_4
0.104139313,col_Lactobacillus_reuteri_I49_bact,sdm_12_M_4
0.068965517,col_Clostridium_clostridioforme_YL32_bact,sdm_12_M_4
0.031390367,col_Muribaculum_intestinale_YL27_bact,sdm_12_M_4
0.022994264,col_Clostridium_innocuum_I46_bact,sdm_12_M_4
0.011436666,col_Enterococcus_faecalis_KB1_bact,sdm_12_M_4
0.004906364,col_Flavonifractor_plautii_YL31_bact,sdm_12_M_4
0.00305784,col_Turicimonas_muris_YL45_bact,sdm_12_M_4
0.000691037,col_Acutalibacter_muris_KB18_bact,sdm_12_M_4
0,col_Bifidobacterium_longum_animalis_YL2_bact,sdm_12_M_4
0.473417821,ile_Lactobacillus_reuteri_I49_bact,sdm_12_F_1
0.314787931,ile_Akkermansia_muciniphila_YL44_bact,sdm_12_F_1
0.138305803,ile_Blauta_coccoides_YL58_bact,sdm_12_F_1
0.020127908,ile_Enterococcus_faecalis_KB1_bact,sdm_12_F_1
0.016792875,ile_Clostridium_clostridioforme_YL32_bact,sdm_12_F_1
0.015498097,ile_Bacteroides_caecimuris_I48_bact,sdm_12_F_1
0.010201279,ile_Turicimonas_muris_YL45_bact,sdm_12_F_1
0.007611724,ile_Clostridium_innocuum_I46_bact,sdm_12_F_1
0.001883313,ile_Muribaculum_intestinale_YL27_bact,sdm_12_F_1
0.000706242,ile_Acutalibacter_muris_KB18_bact,sdm_12_F_1
0.000667007,ile_Flavonifractor_plautii_YL31_bact,sdm_12_F_1
0,ile_Bifidobacterium_longum_animalis_YL2_bact,sdm_12_F_1
0.715585384,ile_Lactobacillus_reuteri_I49_bact,sdm_12_F_2
0.195495899,ile_Akkermansia_muciniphila_YL44_bact,sdm_12_F_2
0.075495899,ile_Blauta_coccoides_YL58_bact,sdm_12_F_2
0.004742729,ile_Enterococcus_faecalis_KB1_bact,sdm_12_F_2
0.003668904,ile_Clostridium_innocuum_I46_bact,sdm_12_F_2
0.002684564,ile_Clostridium_clostridioforme_YL32_bact,sdm_12_F_2
0.001282625,ile_Bacteroides_caecimuris_I48_bact,sdm_12_F_2
0.000924683,ile_Turicimonas_muris_YL45_bact,sdm_12_F_2
0.000119314,ile_Flavonifractor_plautii_YL31_bact,sdm_12_F_2
0,ile_Muribaculum_intestinale_YL27_bact,sdm_12_F_2
0,ile_Acutalibacter_muris_KB18_bact,sdm_12_F_2
0,ile_Bifidobacterium_longum_animalis_YL2_bact,sdm_12_F_2
0.735905045,ile_Lactobacillus_reuteri_I49_bact,sdm_12_F_3
0.155054959,ile_Akkermansia_muciniphila_YL44_bact,sdm_12_F_3
0.093980301,ile_Blauta_coccoides_YL58_bact,sdm_12_F_3
0.004458004,ile_Turicimonas_muris_YL45_bact,sdm_12_F_3
0.003761441,ile_Clostridium_clostridioforme_YL32_bact,sdm_12_F_3
0.003232053,ile_Enterococcus_faecalis_KB1_bact,sdm_12_F_3
0.00165782,ile_Clostridium_innocuum_I46_bact,sdm_12_F_3
0.000961257,ile_Muribaculum_intestinale_YL27_bact,sdm_12_F_3
0.000654769,ile_Bacteroides_caecimuris_I48_bact,sdm_12_F_3
0.000208969,ile_Acutalibacter_muris_KB18_bact,sdm_12_F_3
0.000125381,ile_Flavonifractor_plautii_YL31_bact,sdm_12_F_3
0,ile_Bifidobacterium_longum_animalis_YL2_bact,sdm_12_F_3
0.342778243,ile_Akkermansia_muciniphila_YL44_bact,sdm_12_F_4
0.308987448,ile_Blauta_coccoides_YL58_bact,sdm_12_F_4
0.238025105,ile_Lactobacillus_reuteri_I49_bact,sdm_12_F_4
0.032619247,ile_Enterococcus_faecalis_KB1_bact,sdm_12_F_4
0.025104603,ile_Clostridium_clostridioforme_YL32_bact,sdm_12_F_4
0.016016736,ile_Bacteroides_caecimuris_I48_bact,sdm_12_F_4
0.015665272,ile_Clostridium_innocuum_I46_bact,sdm_12_F_4
0.013941423,ile_Turicimonas_muris_YL45_bact,sdm_12_F_4
0.006142259,ile_Muribaculum_intestinale_YL27_bact,sdm_12_F_4
0.00060251,ile_Flavonifractor_plautii_YL31_bact,sdm_12_F_4
0.000117155,ile_Acutalibacter_muris_KB18_bact,sdm_12_F_4
0,ile_Bifidobacterium_longum_animalis_YL2_bact,sdm_12_F_4
0.681341887,ile_Lactobacillus_reuteri_I49_bact,sdm_12_M_1
0.198489709,ile_Akkermansia_muciniphila_YL44_bact,sdm_12_M_1
0.095509222,ile_Blauta_coccoides_YL58_bact,sdm_12_M_1
0.009449345,ile_Turicimonas_muris_YL45_bact,sdm_12_M_1
0.005613472,ile_Clostridium_innocuum_I46_bact,sdm_12_M_1
0.005225875,ile_Muribaculum_intestinale_YL27_bact,sdm_12_M_1
0.002846832,ile_Enterococcus_faecalis_KB1_bact,sdm_12_M_1
0.000828655,ile_Bacteroides_caecimuris_I48_bact,sdm_12_M_1
0.000588078,ile_Clostridium_clostridioforme_YL32_bact,sdm_12_M_1
0.000106923,ile_Acutalibacter_muris_KB18_bact,sdm_12_M_1
0,ile_Bifidobacterium_longum_animalis_YL2_bact,sdm_12_M_1
0,ile_Flavonifractor_plautii_YL31_bact,sdm_12_M_1
0.873508915,ile_Lactobacillus_reuteri_I49_bact,sdm_12_M_2
0.063802737,ile_Blauta_coccoides_YL58_bact,sdm_12_M_2
0.049111627,ile_Akkermansia_muciniphila_YL44_bact,sdm_12_M_2
0.004959819,ile_Turicimonas_muris_YL45_bact,sdm_12_M_2
0.002746735,ile_Muribaculum_intestinale_YL27_bact,sdm_12_M_2
0.001977649,ile_Enterococcus_faecalis_KB1_bact,sdm_12_M_2
0.001820693,ile_Clostridium_innocuum_I46_bact,sdm_12_M_2
0.001695128,ile_Clostridium_clostridioforme_YL32_bact,sdm_12_M_2
0.000266826,ile_Bacteroides_caecimuris_I48_bact,sdm_12_M_2
0.0000471,ile_Flavonifractor_plautii_YL31_bact,sdm_12_M_2
0,ile_Acutalibacter_muris_KB18_bact,sdm_12_M_2
0,ile_Bifidobacterium_longum_animalis_YL2_bact,sdm_12_M_2
0.930972616,ile_Lactobacillus_reuteri_I49_bact,sdm_12_M_3
0.04322474,ile_Akkermansia_muciniphila_YL44_bact,sdm_12_M_3
0.021104816,ile_Blauta_coccoides_YL58_bact,sdm_12_M_3
0.001723324,ile_Enterococcus_faecalis_KB1_bact,sdm_12_M_3
0.001392823,ile_Clostridium_innocuum_I46_bact,sdm_12_M_3
0.000731822,ile_Clostridium_clostridioforme_YL32_bact,sdm_12_M_3
0.000424929,ile_Turicimonas_muris_YL45_bact,sdm_12_M_3
0.000283286,ile_Bacteroides_caecimuris_I48_bact,sdm_12_M_3
0.000141643,ile_Muribaculum_intestinale_YL27_bact,sdm_12_M_3
0,ile_Acutalibacter_muris_KB18_bact,sdm_12_M_3
0,ile_Bifidobacterium_longum_animalis_YL2_bact,sdm_12_M_3
0,ile_Flavonifractor_plautii_YL31_bact,sdm_12_M_3
0.713886981,ile_Lactobacillus_reuteri_I49_bact,sdm_12_M_4
0.143898279,ile_Blauta_coccoides_YL58_bact,sdm_12_M_4
0.117094566,ile_Akkermansia_muciniphila_YL44_bact,sdm_12_M_4
0.010832244,ile_Turicimonas_muris_YL45_bact,sdm_12_M_4
0.004563277,ile_Clostridium_innocuum_I46_bact,sdm_12_M_4
0.00290189,ile_Clostridium_clostridioforme_YL32_bact,sdm_12_M_4
0.002702523,ile_Enterococcus_faecalis_KB1_bact,sdm_12_M_4
0.002481005,ile_Bacteroides_caecimuris_I48_bact,sdm_12_M_4
0.001639235,ile_Muribaculum_intestinale_YL27_bact,sdm_12_M_4
0,ile_Acutalibacter_muris_KB18_bact,sdm_12_M_4
0,ile_Bifidobacterium_longum_animalis_YL2_bact,sdm_12_M_4
0,ile_Flavonifractor_plautii_YL31_bact,sdm_12_M_4
0.697181523,jej_Lactobacillus_reuteri_I49_bact,sdm_12_F_1
0.207079745,jej_Akkermansia_muciniphila_YL44_bact,sdm_12_F_1
0.073090258,jej_Blauta_coccoides_YL58_bact,sdm_12_F_1
0.010345599,jej_Turicimonas_muris_YL45_bact,sdm_12_F_1
0.004026395,jej_Enterococcus_faecalis_KB1_bact,sdm_12_F_1
0.003075719,jej_Clostridium_innocuum_I46_bact,sdm_12_F_1
0.002963874,jej_Clostridium_clostridioforme_YL32_bact,sdm_12_F_1
0.001230287,jej_Bacteroides_caecimuris_I48_bact,sdm_12_F_1
0.000447377,jej_Acutalibacter_muris_KB18_bact,sdm_12_F_1
0.000447377,jej_Flavonifractor_plautii_YL31_bact,sdm_12_F_1
0,jej_Muribaculum_intestinale_YL27_bact,sdm_12_F_1
0,jej_Bifidobacterium_longum_animalis_YL2_bact,sdm_12_F_1
0.839923361,jej_Lactobacillus_reuteri_I49_bact,sdm_12_F_2
0.081985198,jej_Akkermansia_muciniphila_YL44_bact,sdm_12_F_2
0.070273026,jej_Blauta_coccoides_YL58_bact,sdm_12_F_2
0.002796706,jej_Enterococcus_faecalis_KB1_bact,sdm_12_F_2
0.002209552,jej_Clostridium_clostridioforme_YL32_bact,sdm_12_F_2
0.002024135,jej_Clostridium_innocuum_I46_bact,sdm_12_F_2
0.000525348,jej_Bacteroides_caecimuris_I48_bact,sdm_12_F_2
0.000262674,jej_Acutalibacter_muris_KB18_bact,sdm_12_F_2
0,jej_Muribaculum_intestinale_YL27_bact,sdm_12_F_2
0,jej_Bifidobacterium_longum_animalis_YL2_bact,sdm_12_F_2
0,jej_Turicimonas_muris_YL45_bact,sdm_12_F_2
0,jej_Flavonifractor_plautii_YL31_bact,sdm_12_F_2
0.428770751,jej_Lactobacillus_reuteri_I49_bact,sdm_12_F_3
0.286981406,jej_Akkermansia_muciniphila_YL44_bact,sdm_12_F_3
0.230729804,jej_Blauta_coccoides_YL58_bact,sdm_12_F_3
0.013454256,jej_Turicimonas_muris_YL45_bact,sdm_12_F_3
0.011930864,jej_Clostridium_innocuum_I46_bact,sdm_12_F_3
0.009809505,jej_Muribaculum_intestinale_YL27_bact,sdm_12_F_3
0.008898317,jej_Clostridium_clostridioforme_YL32_bact,sdm_12_F_3
0.007545773,jej_Enterococcus_faecalis_KB1_bact,sdm_12_F_3
0.001238646,jej_Bacteroides_caecimuris_I48_bact,sdm_12_F_3
0.000597967,jej_Acutalibacter_muris_KB18_bact,sdm_12_F_3
0.0000427,jej_Flavonifractor_plautii_YL31_bact,sdm_12_F_3
0,jej_Bifidobacterium_longum_animalis_YL2_bact,sdm_12_F_3
0.422748447,jej_Akkermansia_muciniphila_YL44_bact,sdm_12_F_4
0.258877937,jej_Lactobacillus_reuteri_I49_bact,sdm_12_F_4
0.256768161,jej_Blauta_coccoides_YL58_bact,sdm_12_F_4
0.022279233,jej_Enterococcus_faecalis_KB1_bact,sdm_12_F_4
0.016608156,jej_Clostridium_innocuum_I46_bact,sdm_12_F_4
0.009924386,jej_Clostridium_clostridioforme_YL32_bact,sdm_12_F_4
0.007021334,jej_Turicimonas_muris_YL45_bact,sdm_12_F_4
0.003443154,jej_Bacteroides_caecimuris_I48_bact,sdm_12_F_4
0.001805968,jej_Muribaculum_intestinale_YL27_bact,sdm_12_F_4
0.000523224,jej_Acutalibacter_muris_KB18_bact,sdm_12_F_4
0,jej_Bifidobacterium_longum_animalis_YL2_bact,sdm_12_F_4
0,jej_Flavonifractor_plautii_YL31_bact,sdm_12_F_4
0.404725802,jej_Akkermansia_muciniphila_YL44_bact,sdm_12_M_1
0.379496251,jej_Lactobacillus_reuteri_I49_bact,sdm_12_M_1
0.149587229,jej_Blauta_coccoides_YL58_bact,sdm_12_M_1
0.036728161,jej_Turicimonas_muris_YL45_bact,sdm_12_M_1
0.014110016,jej_Muribaculum_intestinale_YL27_bact,sdm_12_M_1
0.007413023,jej_Clostridium_innocuum_I46_bact,sdm_12_M_1
0.004527841,jej_Enterococcus_faecalis_KB1_bact,sdm_12_M_1
0.001979614,jej_Bacteroides_caecimuris_I48_bact,sdm_12_M_1
0.00077921,jej_Clostridium_clostridioforme_YL32_bact,sdm_12_M_1
0.000484374,jej_Acutalibacter_muris_KB18_bact,sdm_12_M_1
0.000168478,jej_Flavonifractor_plautii_YL31_bact,sdm_12_M_1
0,jej_Bifidobacterium_longum_animalis_YL2_bact,sdm_12_M_1
0.738853787,jej_Lactobacillus_reuteri_I49_bact,sdm_12_M_2
0.124677405,jej_Akkermansia_muciniphila_YL44_bact,sdm_12_M_2
0.117291092,jej_Blauta_coccoides_YL58_bact,sdm_12_M_2
0.005361751,jej_Clostridium_innocuum_I46_bact,sdm_12_M_2
0.005339503,jej_Turicimonas_muris_YL45_bact,sdm_12_M_2
0.003893388,jej_Clostridium_clostridioforme_YL32_bact,sdm_12_M_2
0.003159206,jej_Enterococcus_faecalis_KB1_bact,sdm_12_M_2
0.000711934,jej_Bacteroides_caecimuris_I48_bact,sdm_12_M_2
0.00064519,jej_Muribaculum_intestinale_YL27_bact,sdm_12_M_2
0.0000667,jej_Acutalibacter_muris_KB18_bact,sdm_12_M_2
0,jej_Bifidobacterium_longum_animalis_YL2_bact,sdm_12_M_2
0,jej_Flavonifractor_plautii_YL31_bact,sdm_12_M_2
0.556673639,jej_Lactobacillus_reuteri_I49_bact,sdm_12_M_3
0.270563627,jej_Blauta_coccoides_YL58_bact,sdm_12_M_3
0.126688903,jej_Akkermansia_muciniphila_YL44_bact,sdm_12_M_3
0.021934536,jej_Turicimonas_muris_YL45_bact,sdm_12_M_3
0.00955396,jej_Muribaculum_intestinale_YL27_bact,sdm_12_M_3
0.004861779,jej_Clostridium_clostridioforme_YL32_bact,sdm_12_M_3
0.004494319,jej_Clostridium_innocuum_I46_bact,sdm_12_M_3
0.003448471,jej_Enterococcus_faecalis_KB1_bact,sdm_12_M_3
0.001413308,jej_Bacteroides_caecimuris_I48_bact,sdm_12_M_3
0.00036746,jej_Acutalibacter_muris_KB18_bact,sdm_12_M_3
0,jej_Bifidobacterium_longum_animalis_YL2_bact,sdm_12_M_3
0,jej_Flavonifractor_plautii_YL31_bact,sdm_12_M_3
0.567302356,jej_Lactobacillus_reuteri_I49_bact,sdm_12_M_4
0.226022905,jej_Akkermansia_muciniphila_YL44_bact,sdm_12_M_4
0.174764139,jej_Blauta_coccoides_YL58_bact,sdm_12_M_4
0.011780435,jej_Turicimonas_muris_YL45_bact,sdm_12_M_4
0.007441602,jej_Clostridium_innocuum_I46_bact,sdm_12_M_4
0.007290248,jej_Clostridium_clostridioforme_YL32_bact,sdm_12_M_4
0.002926189,jej_Enterococcus_faecalis_KB1_bact,sdm_12_M_4
0.001210837,jej_Bacteroides_caecimuris_I48_bact,sdm_12_M_4
0.001084708,jej_Muribaculum_intestinale_YL27_bact,sdm_12_M_4
0.00017658,jej_Acutalibacter_muris_KB18_bact,sdm_12_M_4
0,jej_Bifidobacterium_longum_animalis_YL2_bact,sdm_12_M_4
0,jej_Flavonifractor_plautii_YL31_bact,sdm_12_M_4
